구분,화장실명,주소,층수,남성변기수,여성변기수,개방시간상세,WGS84위도,WGS84경도
"공중화장실","제주대학교버스회차지","제주특별자치도 제주시 제주대학로 102 제주대학교버스회차지","1","0","0","",33.4572918019245,126.564322232111
"간이화장실","한천제2저류지공원","제주특별자치도 제주시 오등동 1834-4 한천제2저류지공원","1","0","0","",33.4467073379178,126.52307869704
"간이화장실","아라동 다목적운동장","제주특별자치도 제주시 아라이동 1360-14 아라동 다목적운동장","1","0","0","",33.4875425478058,126.543522738735
"공중화장실","국제대학버스회차지","제주특별자치도 제주시 영평동 2237-6 국제대학버스회차지","1","0","0","",33.4390113281255,126.569159895346
"공중화장실","월평 버스회차지","제주특별자치도 제주시 아봉로 450 월평 버스회차지","1","0","0","",33.4702023665507,126.582992971646
"간이화장실","편백나무숲","제주특별자치도 제주시 아라일동 산 31-1 편백나무숲","1","0","0","",33.4436591579347,126.556418249213
"공중화장실","방선문","제주특별자치도 제주시 오라이동 3819-11 방선문","1","0","0","",33.4561655072674,126.517078055412
"개방화장실","연동주민센터옆","제주특별자치도 제주시 신대로 101 연동주민센터옆","1","0","0","",33.4883782338729,126.4969229706
"공중화장실","누웨마루거리","제주특별자치도 제주시 신대로12길 54 누웨마루거리","1","0","0","",33.4889348541551,126.490890428287
"공중화장실","신비의도로","제주특별자치도 제주시 1100로 2894-65 신비의도로","1","0","0","",33.4514303906189,126.48740678681
"공중화장실","한림중앙상가","제주특별자치도 제주시 한림읍 한림북동길 2 한림중앙상가","1","0","0","",33.4155049298797,126.264839419046
"공중화장실","금능리포구","제주특별자치도 제주시 한림읍 금능7길 14-8 금능리포구","1","0","0","",33.3896186399589,126.228908938821
"공중화장실","금악오름","제주특별자치도 제주시 한림읍 한창로 1174-20 금악오름","1","0","0","",33.3509364973374,126.305895760544
"공중화장실","귀덕올레15코스","제주특별자치도 제주시 한림읍 귀덕리 2597-1 귀덕올레15코스","1","0","0","",33.4323137491765,126.286970092121
"공중화장실","월령리","제주특별자치도 제주시 한림읍 월령리 344-2","1","0","0","",33.3806181420704,126.214839619595
"공중화장실","옹포천 어울공원","제주특별자치도 제주시 한림읍 옹포리 21 옹포천 어울공원","1","0","0","",33.40399629642524,126.25942007401082
"공중화장실","남또르쉼터","제주특별자치도 제주시 애월읍 애월해안로 466-1 남또르쉼터","1","0","0","",33.4770508764568,126.354365794284
"공중화장실","한담공원","제주특별자치도 제주시 애월읍 애월리 2461 한담공원","1","0","0","",33.4599174500914,126.310993698527
"공중화장실","바리메오름주차장","제주특별자치도 제주시 애월읍 어음리 산 21 바리메오름주차장","1","0","0","",33.3776829022174,126.387113528925
"공중화장실","족은노꼬메오름주차장","제주특별자치도 제주시 애월읍 유수암리 산 28 족은노꼬메오름주차장","1","0","0","",33.3970825083595,126.425122544208
"공중화장실","궤물오름주차장","제주특별자치도 제주시 애월읍 산록서로 372 궤물오름주차장","1","0","0","",33.4024686058493,126.408212466868
"공중화장실","중엄소공원","제주특별자치도 제주시 애월읍 신엄리 961 중엄소공원","1","0","0","",33.4778870315388,126.369395562721
"공중화장실","하가연하못옆","제주특별자치도 제주시 애월읍 하가로 182 하가연하못옆","1","0","0","",33.4550410947745,126.346848230403
"공중화장실","오당빌레","제주특별자치도 제주시 애월읍 하가리 846-1 오당빌레","1","0","0","",33.4539566664486,126.351779023111
"공중화장실","가문동포구","제주특별자치도 제주시 애월읍 가문동길 50 가문동포구","1","0","0","",33.4868185198071,126.392318341039
"공중화장실","미수동포구","제주특별자치도 제주시 애월읍 하귀2리 1656-6 미수동포구","1","0","0","",33.4847605613545,126.401844461429
"개방화장실","제일주차빌딩","제주특별자치도 제주시 관덕로15길 3 제일주차빌딩","1","0","0","",33.5134838475783,126.526595886157
"개방화장실","공항입구주차장","제주특별자치도 제주시 다호북길 7 공항입구주차장","1","0","0","",33.503675032662,126.495713095514
"개방화장실","이도2동 주민센터 앞 주차장","제주특별자치도 제주시 오복3길 9 이도2동 주민센터 앞 주차장","1","0","0","",33.4967901559582,126.534927948197
"개방화장실","동문재래 공영주차장","제주특별자치도 제주시 중앙로13길 16-8 동문재래 공영주차장","1","0","0","",33.5108176113544,126.526086901286
"개방화장실","노형 제2 공영주차장","제주특별자치도 제주시 월랑로2길 1 노형 제2 공영주차장","1","0","0","",33.4872971756921,126.479811817406
"개방화장실","노형 정존 공영주차장","제주특별자치도 제주시 수덕5길 34 노형 정존 공영주차장","1","0","0","",33.4854761718535,126.474753173902
"개방화장실","제주상공회의소 동측 공영주차장","제주특별자치도 제주시 도남동 574-3 제주상공회의소 동측 공영주차장","1","0","0","",33.4904346254038,126.520097184214
"공중화장실","지미봉주차장","제주특별자치도 제주시 구좌읍 종달리 산 2 지미봉주차장","1","0","0","",33.4974137754312,126.905526290634
"공중화장실","용눈이오름 주차장","제주특별자치도 제주시 구좌읍 종달리 4650 용눈이오름 주차장","1","0","0","",33.4625405044902,126.83200329981
"공중화장실","서동항포구","제주특별자치도 제주시 구좌읍 평대리 2025-6 서동항포구","1","0","0","",33.5364802134565,126.840785555009
"공중화장실","평대해수욕장","제주특별자치도 제주시 구좌읍 평대리 1994-6 평대해수욕장","1","0","0","",33.5329307737708,126.840763209247
"공중화장실","면수동해녀탈의장","제주특별자치도 제주시 구좌읍 하도리 3140-2 면수동해녀탈의장","1","0","0","",33.5285608924523,126.866542292227
"공중화장실","서문동해녀탈의장","제주특별자치도 제주시 구좌읍 하도서문길 23 서문동해녀탈의장","1","0","0","",33.5288667006958,126.88047674779
"공중화장실","면수동마을회관 옆 주차장","제주특별자치도 제주시 구좌읍 하도리 3359-83 면수동마을회관 옆 주차장","1","0","0","",33.5226173049876,126.86673613917
"공중화장실","신동해녀탈의장","제주특별자치도 제주시 구좌읍 하도리 468-4 신동해녀탈의장","1","0","0","",33.5277684951447,126.891481355816
"개방화장실","성판악 탐방안내소","제주특별자치도 제주시 조천읍 516로 1865 성판악 탐방안내소","1","0","0","",33.3844995042587,126.619407091901
"개방화장실","성판악 속밭","제주특별자치도 제주시 조천읍 516로 1865 성판악 속밭","1","0","0","",33.3844995042587,126.619407091901
"개방화장실","관음사 야영장","제주특별자치도 제주시 산록북로 588 관음사 야영장","1","0","0","",33.4216134051671,126.549757591879
"개방화장실","관음사 탐라계곡","제주특별자치도 제주시 오라이동 산 107-20 관음사 탐라계곡","1","0","0","",33.3894180985294,126.528204996231
"개방화장실","관음사 삼각봉","제주특별자치도 제주시 오라이동 산 107-20 관음사 삼각봉","1","0","0","",33.3894180985294,126.528204996231
"개방화장실","관음사 산악박물관","제주특별자치도 제주시 산록북로 588 관음사 산악박물관","1","0","0","",33.4216134051671,126.549757591879
"개방화장실","제주도립미술관 야외1","제주특별자치도 제주시 1100로 2894-78 제주도립미술관 야외1","1","0","0","",33.4525500193362,126.489686090961
"개방화장실","제주도립미술관 야외2","제주특별자치도 제주시 1100로 2894-78 제주도립미술관 야외2","1","0","0","",33.4525500193362,126.489686090961
"개방화장실","제주현대미술관 야외","제주특별자치도 제주시 한경면 저지12길 85-2 제주현대미술관 야외","1","0","0","",33.3385867828295,126.265979140818
"개방화장실","김창열미술관 야외","제주특별자치도 제주시 한림읍 용금로 883-5 김창열미술관 야외","1","0","0","",33.3390713180748,126.268671721329
"개방화장실","한림 상두거리 공영주차장","제주특별자치도 제주시 한림읍 한림리 1198-3 한림 상두거리 공영주차장","1","0","0","",33.4124665370936,126.265303962289
"개방화장실","외도동 제1 공영주차장","제주특별자치도 제주시 외도일동 559-1 외도동 제1 공영주차장","1","0","0","",33.4867386642745,126.431754917656
"개방화장실","연화로 공영주차장","제주특별자치도 제주시 연화로2길 17-4 연화로 공영주차장","1","0","0","",33.4776424344972,126.489276083629
"개방화장실","정든로 공영주차장","제주특별자치도 제주시 정든로 37 정든로 공영주차장","1","0","0","",33.4975689013213,126.542396908486
"개방화장실","동광 공영주차장","제주특별자치도 제주시 태성로2길 5 동광 공영주차장","1","0","0","",33.4999258523371,126.545362001214
"개방화장실","노형 제5 공영주차장","제주특별자치도 제주시 노형9길 15 노형 제5 공영주차장","1","0","0","",33.4832844955911,126.476842860401
"개방화장실","화북일동 공영주차장","제주특별자치도 제주시 화남로 44 화북일동 공영주차장","1","0","0","",33.5140918594173,126.563129435535
"개방화장실","노형 제3공영주차장","제주특별자치도 제주시 다랑곶2길 37 노형 제3공영주차장","1","0","0","",33.4895973272323,126.476495978581
"공중화장실","모충사","제주특별자치도 제주시 사라봉길 75 모충사","1","0","0","",33.5161895619887,126.547005568272
"공중화장실","동문공설시장","제주특별자치도 제주시 동문로4길 9 동문공설시장","1","0","0","",33.5120874337174,126.528242265925
"공중화장실","서문공설시장","제주특별자치도 제주시 서문로4길 13-2 서문공설시장","1","0","0","",33.5113511633008,126.517906226919
"공중화장실","민속오일시장A","제주특별자치도 제주시 오일장서길 26 민속오일시장A","1","0","0","",33.4972470120444,126.474888392629
"공중화장실","하도별방진","제주특별자치도 제주시 구좌읍 문주란로1길 74-47 하도별방진","1","0","0","",33.5263590451463,126.884815440612
"공중화장실","하도어촌체험어장","제주특별자치도 제주시 구좌읍 하도리 22-1 하도어촌체험어장","1","0","0","",33.5198917843987,126.901214625593
"공중화장실","창흥동해수욕장","제주특별자치도 제주시 구좌읍 해맞이해안로 1973 창흥동해수욕장","1","0","0","",33.5135069291318,126.898776994834
"공중화장실","양식단지 앞","제주특별자치도 제주시 구좌읍 행원로13길 130-27 양식단지 앞","1","0","0","",33.5591204313599,126.814172161143
"공중화장실","올레길안내소","제주특별자치도 제주시 구좌읍 해녀박물관길 11 올레길안내소","1","0","0","",33.5220046535414,126.862678483044
"공중화장실","세화오일시장","제주특별자치도 제주시 구좌읍 해맞이해안로 1412 세화오일시장","1","0","0","",33.5261860508541,126.857296969585
"공중화장실","월정어촌정주어항","제주특별자치도 제주시 구좌읍 월정리 554-6 월정어촌정주어항","1","0","0","",33.5562660493421,126.794965478147
"공중화장실","돗오름 주차장","제주특별자치도 제주시 구좌읍 평대리 산 16 돗오름 주차장","1","0","0","",33.4819894354745,126.801742284
"공중화장실","교래마을운동장","제주특별자치도 제주시 조천읍 교래리 188 교래마을운동장","1","0","0","",33.4229548021675,126.675351131023
"공중화장실","다려도","제주특별자치도 제주시 조천읍 북촌리 산 88 다려도","1","0","0","",33.556177613151,126.694414920747
"공중화장실","월산체육공원","제주특별자치도 제주시 월산남2길 44-2 월산체육공원","1","0","0","",33.468777053745,126.462159416811
"공중화장실","월대천","제주특별자치도 제주시 외도이동 2552-7 월대천","1","0","0","",33.4927630735833,126.436333672837
"공중화장실","연대","제주특별자치도 제주시 외도이동 1956-53 연대","1","0","0","",33.4946216013481,126.427014741343
"공중화장실","내도운동장","제주특별자치도 제주시 테우해안로 65 내도운동장","1","0","0","",33.4967537368458,126.441642601136
"공중화장실","이호테우해변","제주특별자치도 제주시 이호일동 1665-6 이호테우해변","1","0","0","",33.4974579236703,126.454055574844
"공중화장실","이호비치","제주특별자치도 제주시 서해안로 45-18 이호비치","1","0","0","",33.4997094277495,126.454949167485
"공중화장실","현사어촌정주어항","제주특별자치도 제주시 테우해안로 143 현사어촌정주어항","1","0","0","",33.4975282005215,126.449581938376
"공중화장실","백포어촌정주어항","제주특별자치도 제주시 서해안로 99 백포어촌정주어항","1","0","0","",33.5037501929883,126.460227532597
"공중화장실","신사수항","제주특별자치도 제주시 서해안로 301-8 신사수항","1","0","0","",33.5096566490067,126.477807192076
"공중화장실","도두 오래물","제주특별자치도 제주시 서해안로 170 도두 오래물","1","0","0","",33.5043017714891,126.466824979934
"공중화장실","도두봉 섬머리","제주특별자치도 제주시 서해안로 197 도두봉 섬머리","1","0","0","",33.5060304192616,126.468994804575
"공중화장실","중앙로상점가 주차장 한짓골","제주특별자치도 제주시 중앙로 85 중앙로상점가 주차장 한짓골","1","0","0","",33.5106281091485,126.524161389377
"공중화장실","동문수산시장","제주특별자치도 제주시 관덕로14길 20 동문수산시장","1","0","0","",33.5115902822492,126.526018218964
"개방화장실","신산공원1","제주특별자치도 제주시 신산로 92-12 신산공원1","1","0","0","",33.5052969218664,126.533744461805
"개방화장실","신산공원2","제주특별자치도 제주시 일도이동 915 신산공원2","1","0","0","",33.5047360806429,126.532152418847
"개방화장실","용담공원","제주특별자치도 제주시 용두암길 15 용담공원","1","0","0","",33.5148035919525,126.511798046978
"개방화장실","용연공원","제주특별자치도 제주시 용담일동 351 용연공원","1","0","0","",33.5128781414603,126.515007437028
"개방화장실","사라봉공원 베드민턴장 옆","제주특별자치도 제주시 사라봉동길 74 사라봉공원 베드민턴장 옆","1","0","0","",33.5186634130174,126.547689847164
"개방화장실","사라봉공원","제주특별자치도 제주시 사라봉동길 74 사라봉공원","1","0","0","",33.5186634130174,126.547689847164
"개방화장실","삼무공원","제주특별자치도 제주시 신대로10길 50 삼무공원","1","0","0","",33.4911071071594,126.491341166313
"개방화장실","연동공원","제주특별자치도 제주시 신광로12길 17 연동공원","1","0","0","",33.4824037076024,126.487998880253
"개방화장실","탑동 제1공원","제주특별자치도 제주시 탑동해안로 46 탑동 제1공원","1","0","0","",33.5187945911311,126.520203489456
"개방화장실","탑동 제2공원","제주특별자치도 제주시 중앙로 2 탑동 제2공원","1","0","0","",33.518147567942,126.523954676516
"개방화장실","이도근린공원","제주특별자치도 제주시 이도공원동길 6 이도근린공원","1","0","0","",33.4978154423939,126.544489104208
"개방화장실","수운공원","제주특별자치도 제주시 청귤로5길 6-9 수운공원","1","0","0","",33.4997528922526,126.53968740558
"개방화장실","노형근린공원","제주특별자치도 제주시 과원북4길 12 노형근린공원","1","0","0","",33.4808937019453,126.482869639905
"개방화장실","노형 제1근린공원","제주특별자치도 제주시 정존5길 67 노형 제1근린공원","1","0","0","",33.4865534445142,126.469242061078
"개방화장실","시민복지타운","제주특별자치도 제주시 복지로9길 25 시민복지타운","1","0","0","",33.4893660009834,126.527213088838
"개방화장실","한마음공원","제주특별자치도 제주시 이도이동 1942-1 한마음공원","1","0","0","",33.495540366451,126.544711395507
"개방화장실","삼화제6호 근린공원","제주특별자치도 제주시 도련일동 1912 삼화제6호 근린공원","1","0","0","",33.5130292506351,126.583738129256
"공중화장실","하가연화못주차장","제주특별자치도 제주시 애월읍 하가리 1569-5 하가연화못주차장","1","0","0","",33.455520006499,126.34831948562
"공중화장실","새별오름부리부리","제주특별자치도 제주시 애월읍 평화로 1491-3 새별오름부리부리","1","0","0","",33.36298879827,126.358354371343
"공중화장실","곽지해수욕장 서측","제주특별자치도 제주시 애월읍 곽지1길 31 곽지해수욕장 서측","1","0","0","",33.448505932771,126.30309375097
"공중화장실","유아동네숲터","제주특별자치도 제주시 애월읍 수산리 산 1-1 유아동네숲터","1","0","0","",33.4738174993593,126.382839395312
"공중화장실","목지코지","제주특별자치도 제주시 구좌읍 김녕리 6147 목지코지","1","0","0","",33.5599068128247,126.7299128525
"공중화장실","항개해녀탈의장","제주특별자치도 제주시 구좌읍 김녕리 4070-1 항개해녀탈의장","1","0","0","",33.5577795812673,126.7446917444
"공중화장실","해녀작업장","제주특별자치도 제주시 구좌읍 김녕리 1270-6 해녀작업장","1","0","0","",33.5584079924925,126.754362475404
"공중화장실","김녕해수욕장","제주특별자치도 제주시 구좌읍 해맞이해안로 7-6 김녕해수욕장","1","0","0","",33.5571072797716,126.759838589893
"공중화장실","동복마을운동장","제주특별자치도 제주시 구좌읍 동복리 산 56-14 동복마을운동장","1","0","0","",33.5420053629869,126.713327590661
"공중화장실","동복어촌정주어항","제주특별자치도 제주시 구좌읍 동복리 1585-2 동복어촌정주어항","1","0","0","",33.5550726728583,126.714060945762
"공중화장실","구좌충혼묘지","제주특별자치도 제주시 구좌읍 충렬로 62-7 구좌충혼묘지","1","0","0","",33.517224065482,126.851401300139
"공중화장실","세화항포구","제주특별자치도 제주시 구좌읍 해맞이해안로 1391 세화항포구","1","0","0","",33.5275425597994,126.856639903597
"공중화장실","세화리해수욕장","제주특별자치도 제주시 구좌읍 해맞이해안로 1465 세화리해수욕장","1","0","0","",33.5248301734006,126.862025551305
"공중화장실","월랑봉","제주특별자치도 제주시 구좌읍 세화리 2705 월랑봉","1","0","0","",33.4750169662769,126.826518297601
"공중화장실","거슨새미오름주차장","제주특별자치도 제주시 구좌읍 비자림로 1455 거슨새미오름주차장","1","0","0","",33.4459252711522,126.75702026605
"공중화장실","구좌공설묘지","제주특별자치도 제주시 구좌읍 송당리 54-1 구좌공설묘지","1","0","0","",33.4551432716975,126.797884207215
"공중화장실","종달리삼거리","제주특별자치도 제주시 구좌읍 종달리 3089 종달리삼거리","1","0","0","",33.4880564737095,126.882071003861
"공중화장실","민속오일시장B","제주특별자치도 제주시 오일장서길 26 민속오일시장B","1","0","0","",33.4972470120444,126.474888392629
"공중화장실","민속오일시장C","제주특별자치도 제주시 오일장서길 26 민속오일시장C","1","0","0","",33.4972470120444,126.474888392629
"공중화장실","칠성로상점가","제주특별자치도 제주시 관덕로13길 12 칠성로상점가","1","0","0","",33.5140256688856,126.526115262539
"공중화장실","동문공설시장 신주차장","제주특별자치도 제주시 동문로4길 9 동문공설시장 신주차장","1","0","0","",33.5120656206661,126.528598962531
"개방화장실","아라동","제주특별자치도 제주시 인다8길 5 아라동","1","0","0","",33.4763383470431,126.545269633403
"개방화장실","오라동","제주특별자치도 제주시 오라로10길 6 오라동","1","0","0","",33.4951473789528,126.511591919123
"개방화장실","제주시청안내도움센터","제주특별자치도 제주시 광양9길 10 제주시청안내도움센터","1","0","0","",33.5002142104177,126.532217532238
"개방화장실","제주시청1별관","제주특별자치도 제주시 광양9길 10 제주시청1별관","1","0","0","",33.5002142104177,126.532217532238
"개방화장실","제주시청2별관","제주특별자치도 제주시 광양9길 10 제주시청2별관","1","0","0","",33.5002142104177,126.532217532238
"개방화장실","제주시청3별관","제주특별자치도 제주시 광양9길 17 제주시청3별관","1","0","0","",33.5003809648643,126.531514874174
"개방화장실","구좌읍 다목적문화센터","제주특별자치도 제주시 구좌읍 일주동로 3116 구좌읍 다목적문화센터","1","0","0","",33.5221392692922,126.851885796261
"개방화장실","조천읍","제주특별자치도 제주시 조천읍 신북로 194","1","0","0","",33.5348243365723,126.634257277525
"개방화장실","조천체육관","제주특별자치도 제주시 조천읍 조천18길 11-1 조천체육관","1","0","0","",33.5395361411297,126.643719243436
"개방화장실","신촌문화의집","제주특별자치도 제주시 조천읍 신촌서5길 63 신촌문화의집","1","0","0","",33.5345951252777,126.614626401888
"개방화장실","한경면","제주특별자치도 제주시 한경면 두신로 84","1","0","0","",33.3501105196415,126.184104963209
"개방화장실","한경면 종합복지회관","제주특별자치도 제주시 한경면 칠전로 37 한경면 종합복지회관","1","0","0","",33.3004758313743,126.183707946634
"개방화장실","한경체육관","제주특별자치도 제주시 한경면 칠전로 41 한경체육관","1","0","0","",33.3015196314552,126.184507668419
"개방화장실","추자면","제주특별자치도 제주시 추자면 추자로 26","1","0","0","",33.9635312980164,126.296078447714
"개방화장실","우도면","제주특별자치도 제주시 우도면 우도로 153","1","0","0","",33.5064709731652,126.952977665422
"개방화장실","우도 주민자치센터","제주특별자치도 제주시 우도면 영일진사길 15-5 우도 주민자치센터","1","0","0","",33.5071533800104,126.95587349457
"개방화장실","우도 생활문화센터","제주특별자치도 제주시 우도면 우도로 153 우도 생활문화센터","1","0","0","",33.5064709731652,126.952977665422
"개방화장실","일도1동","제주특별자치도 제주시 중앙로7길 15 일도1동","1","0","0","",33.5150582697264,126.526377102562
"개방화장실","일도2동","제주특별자치도 제주시 신산로9길 41 일도2동","1","0","0","",33.5103023476969,126.537150624071
"개방화장실","이도1동","제주특별자치도 제주시 중앙로25길 17 이도1동","1","0","0","",33.5068653918458,126.526722329545
"개방화장실","이도2동","제주특별자치도 제주시 오복3길 8 이도2동","1","0","0","",33.4970696074971,126.535301157179
"개방화장실","삼도1동","제주특별자치도 제주시 전농로 40 삼도1동","1","0","0","",33.5041440972286,126.517368375741
"개방화장실","삼도2동","제주특별자치도 제주시 관덕로6길 15 삼도2동","1","0","0","",33.5117393057028,126.522213561774
"개방화장실","용담1동","제주특별자치도 제주시 용남3길 11 용담1동","1","0","0","",33.5091112763203,126.513277695485
"공중화장실","남생이못","제주특별자치도 제주시 조천읍 원당북로 197-3 남생이못","1","0","0","",33.5326924023881,126.613988154046
"공중화장실","닭머루","제주특별자치도 제주시 조천읍 원당북로 197-3 닭머루","1","0","0","",33.5326924023881,126.613988154046
"공중화장실","신촌어촌정주어항","제주특별자치도 제주시 조천읍 신촌리 2077-7 신촌어촌정주어항","1","0","0","",33.537780791972,126.619725259162
"공중화장실","동동포구","제주특별자치도 제주시 조천읍 신촌리 533-3 동동포구","1","0","0","",33.5378257153589,126.6248767103
"공중화장실","연북정","제주특별자치도 제주시 조천읍 조천북1길 11-13 연북정","1","0","0","",33.540958227374,126.63554228197
"공중화장실","서우봉해변야영장","제주특별자치도 제주시 조천읍 조함해안로 585 서우봉해변야영장","1","0","0","",33.5442826488998,126.674054267581
"공중화장실","서우봉해변","제주특별자치도 제주시 조천읍 조함해안로 534 서우봉해변","1","0","0","",33.5424204966397,126.670103691941
"공중화장실","서우봉해변","제주특별자치도 제주시 조천읍 조함해안로 525 서우봉해변","1","0","0","",33.5428267548889,126.670510321052
"개방화장실","설문대여성문화센터","제주특별자치도 제주시 선덕로8길 12 설문대여성문화센터","1","0","0","",33.4843969559424,126.500371293881
"개방화장실","제주항 국제여객터미널","제주특별자치도 제주시 임항로 191 제주항 국제여객터미널","1","0","0","",33.5258373782341,126.544078509439
"개방화장실","야외","제주특별자치도 제주시 임항로 191 야외","1","0","0","",33.5258373782341,126.544078509439
"개방화장실","제주항 연안여객터미널","제주특별자치도 제주시 임항로 111 제주항 연안여객터미널","1","0","0","",33.5200407358063,126.534226176207
"공중화장실","봉글레산","제주특별자치도 제주시 추자면 대서리 산 175 봉글레산","1","0","0","",33.9639521131037,126.290065338321
"공중화장실","횡간도1","제주특별자치도 제주시 추자면 대서리 산 52 횡간도1","1","0","0","",34.0081633050084,126.340565550192
"공중화장실","횡간도2","제주특별자치도 제주시 추자면 횡간도길 51 횡간도2","1","0","0","",34.0091072699625,126.340127844056
"개방화장실","제39호 어린이공원","제주특별자치도 제주시 도남동 375-1 제39호 어린이공원","1","0","0","",33.4793544619974,126.523573500664
"개방화장실","제40호 어린이공원","제주특별자치도 제주시 이도이동 404 제40호 어린이공원","1","0","0","",33.4974911127477,126.540793575368
"개방화장실","제41호 어린이공원","제주특별자치도 제주시 일도이동 65 제41호 어린이공원","1","0","0","",33.5022599876777,126.544748429326
"개방화장실","제42호 어린이공원","제주특별자치도 제주시 태성로4길 23 제42호 어린이공원","1","0","0","",33.4999826704016,126.547287477497
"공중화장실","원당봉","제주특별자치도 제주시 원당로16길 16-30 원당봉","1","0","0","",33.5260044650435,126.598220138483
"공중화장실","사려니숲길주차장","제주특별자치도 제주시 봉개동 2750-2 사려니숲길주차장","1","0","0","",33.4341068530876,126.637484729602
"개방화장실","도두봉공원","제주특별자치도 제주시 도두항길 4-17 도두봉공원","1","0","0","",33.5067626676354,126.467225744912
"개방화장실","아라2근린공원","제주특별자치도 제주시 인다13길 47 아라2근린공원","1","0","0","",33.4730020016524,126.550265301362
"개방화장실","용담2동","제주특별자치도 제주시 흥운길 27 용담2동","1","0","0","",33.5114920008947,126.511670377719
"개방화장실","건입동","제주특별자치도 제주시 만덕로 18 건입동","1","0","0","",33.5150497238423,126.531503419813
"개방화장실","화북동","제주특별자치도 제주시 진남로6길 17 화북동","1","0","0","",33.520214068901,126.56537105519
"개방화장실","삼양동주민센터","제주특별자치도 제주시 지석13길 6 삼양동주민센터","1","0","0","",33.5218207082344,126.58557513391
"개방화장실","봉개동","제주특별자치도 제주시 봉개북1길 15 봉개동","1","0","0","",33.4916659787591,126.59473109114
"공중화장실","동문공설시장 청년몰","제주특별자치도 제주시 동문로4길 9 동문공설시장 청년몰","1","0","0","",33.5120874337174,126.528242265925
"공중화장실","관음사 입구","제주특별자치도 제주시 산록북로 660 관음사 입구","1","0","0","",33.4217203735021,126.558750751081
"공중화장실","불탑사","제주특별자치도 제주시 원당로16길 47 불탑사","1","0","0","",33.5292758228079,126.598922507969
"공중화장실","아라 신비의도로","제주특별자치도 제주시 산록북로 813 아라 신비의도로","1","0","0","",33.4362854104694,126.555111672671
"공중화장실","노형 신비의도로","제주특별자치도 제주시 1100로 2894-51 노형 신비의도로","1","0","0","",33.4498141703016,126.487271851547
"공중화장실","새별오름 들불축제장","제주특별자치도 제주시 애월읍 평화로 1491 새별오름 들불축제장","1","0","0","",33.3625041089019,126.359736331368
"개방화장실","종합경기장 실내수영장 외부","제주특별자치도 제주시 서광로2길 24 종합경기장 실내수영장 외부","1","0","0","",33.4950628704737,126.518797238902
"개방화장실","애향운동장","제주특별자치도 제주시 서광로2길 24 애향운동장","1","0","0","",33.4950628704737,126.518797238902
"개방화장실","주경기장","제주특별자치도 제주시 서광로2길 24 주경기장","1","0","0","",33.4950628704737,126.518797238902
"개방화장실","사라봉축구장","제주특별자치도 제주시 동문로 169 사라봉축구장","1","0","0","",33.5137004451373,126.544422991564
"개방화장실","삼양축구장","제주특별자치도 제주시 원당북로 45 삼양축구장","1","0","0","",33.532644458734,126.598177908329
"개방화장실","제주시생활체육공원","제주특별자치도 제주시 와흘전1길 32 제주시생활체육공원","1","0","0","",33.4723756455238,126.6365085949
"개방화장실","미리내공원","제주특별자치도 제주시 미리내길 84 미리내공원","1","0","0","",33.4583631895336,126.479093406026
"개방화장실","외도운동장","제주특별자치도 제주시 통물길 55 외도운동장","1","0","0","",33.4877348567014,126.436261662978
"개방화장실","이호운동장","제주특별자치도 제주시 오광로6길 58-11 이호운동장","1","0","0","",33.4863833401255,126.456907871172
"개방화장실","외도2운동장","제주특별자치도 제주시 통물길 75 외도2운동장","1","0","0","",33.4866347253285,126.437508964448
"개방화장실","제주아트센터 외부","제주특별자치도 제주시 오남로 231 제주아트센터 외부","1","0","0","",33.4751044039984,126.515518585296
"개방화장실","제주시청4별관","제주특별자치도 제주시 동광로2길 13 제주시청4별관","1","0","0","",33.5002069255467,126.531125060376
"개방화장실","제주시청5별관","제주특별자치도 제주시 광양9길 3 제주시청5별관","1","0","0","",33.5000296164154,126.529944294625
"개방화장실","제주시청6별관","제주특별자치도 제주시 광양9길 15 제주시청6별관","1","0","0","",33.5002946708911,126.531321093131
"개방화장실","제주시청상하수도과","제주특별자치도 제주시 광양9길 26 제주시청상하수도과","1","0","0","",33.5004343412808,126.532374650788
"개방화장실","제주시청복지동","제주특별자치도 제주시 동광로6길 22 제주시청복지동","1","0","0","",33.5002782551858,126.532512592145
"개방화장실","자치행정과","제주특별자치도 제주시 관덕로 44 자치행정과","1","0","0","",33.5128279991474,126.523929134469
"개방화장실","자치행정과","제주특별자치도 제주시 사라봉동길 15 자치행정과","1","0","0","",33.5140901343291,126.547108966215
"개방화장실","문화예술과","제주특별자치도 제주시 중앙로 2 문화예술과","1","0","0","",33.518147567942,126.523954676516
"개방화장실","관광진흥과","제주특별자치도 제주시 선돌목동길 60 관광진흥과","1","0","0","",33.4445760623461,126.549186119712
"개방화장실","체육진흥과","제주특별자치도 제주시 오라일동 3817-2 체육진흥과","1","0","0","",33.4938276209906,126.514687982795
"개방화장실","우당도서관","제주특별자치도 제주시 사라봉동길 30 우당도서관","1","0","0","",33.5148698082522,126.547868025982
"개방화장실","제주 아트센터","제주특별자치도 제주시 오남로 231 제주 아트센터","1","0","0","",33.4751044039984,126.515518585296
"개방화장실","보건행정과","제주특별자치도 제주시 연삼로 264 보건행정과","1","0","0","",33.4915999384117,126.52023785153
"개방화장실","추자보건지소","제주특별자치도 제주시 연삼로 264 추자보건지소","1","0","0","",33.4915999384117,126.52023785153
"개방화장실","건강증진과","제주특별자치도 제주시 노형9길 9-4 건강증진과","1","0","0","",33.4828815730764,126.476992147852
"개방화장실","건강증진과","제주특별자치도 제주시 동화로1길 45-22 건강증진과","1","0","0","",33.5183638060689,126.57838320194
"개방화장실","제주시 서부보건소 본관","제주특별자치도 제주시 한림읍 강구로 5 제주시 서부보건소 본관","1","0","0","",33.4120836088481,126.269529209736
"개방화장실","제주시 서부보건소 별관","제주특별자치도 제주시 한림읍 강구로 5 제주시 서부보건소 별관","1","0","0","",33.4120836088481,126.269529209736
"개방화장실","애월보건지소","제주특별자치도 제주시 애월읍 애월로 167 애월보건지소","1","0","0","",33.4641715891273,126.324991476738
"개방화장실","한경보건지소","제주특별자치도 제주시 한경면 두신로 118-2 한경보건지소","1","0","0","",33.3527641153769,126.185181586311
"개방화장실","동부보건소","제주특별자치도 제주시 구좌읍 김녕로14길 6 동부보건소","1","0","0","",33.5543515285666,126.751328022367
"개방화장실","한림읍","제주특별자치도 제주시 한림읍 한림상로 132","1","0","0","",33.4102844617144,126.266987006752
"개방화장실","제주항 6부두","제주특별자치도 제주시 임항로 191 제주항 6부두","1","0","0","",33.5258373782341,126.544078509439
"공중화장실","횡간도3","제주특별자치도 제주시 추자면 대서리 산 87 횡간도3","1","0","0","",34.0091426348459,126.340603337249
"공중화장실","상추자대합실","제주특별자치도 제주시 추자면 추자로 3 상추자대합실","1","0","0","",33.962505548733,126.297480955464
"공중화장실","후포 해안변 공원","제주특별자치도 제주시 추자면 대서5길 87 후포 해안변 공원","1","0","0","",33.9623416994265,126.28954186844
"공중화장실","추자교량","제주특별자치도 제주시 추자면 영흥리 100-1 추자교량","1","0","0","",33.9534419548305,126.301397926845
"공중화장실","등대공원","제주특별자치도 제주시 추자면 영흥4길 46 등대공원","1","0","0","",33.9580351785137,126.298389686791
"공중화장실","오지박","제주특별자치도 제주시 추자면 묵리 산 39-3 오지박","1","0","0","",33.9536695674998,126.315596910419
"공중화장실","모진이","제주특별자치도 제주시 추자면 신양리 47 모진이","1","0","0","",33.9456815223155,126.333673965425
"공중화장실","하추자대합실","제주특별자치도 제주시 추자면 신양2길 28-3 하추자대합실","1","0","0","",33.945255010143,126.330068386742
"공중화장실","예초리","제주특별자치도 제주시 추자면 예초리 200-5","1","0","0","",33.9559461527138,126.33278755259
"공중화장실","신대","제주특별자치도 제주시 추자면 예초리 75 신대","1","0","0","",33.9532498316646,126.337866706253
"공중화장실","대서광장","제주특별자치도 제주시 추자면 대서리 147-16 대서광장","1","0","0","",33.9619826367277,126.29426006092
"공중화장실","신양항 광장","제주특별자치도 제주시 추자면 추자로 576 신양항 광장","1","0","0","",33.9454044709063,126.327866693966
"개방화장실","제주항 9부두","제주특별자치도 제주시 임항로 197 제주항 9부두","1","0","0","",33.523689805269,126.54594750723
"개방화장실","제주항 3부두 임항창고","제주특별자치도 제주시 임항로 127 제주항 3부두 임항창고","1","0","0","",33.5204359826989,126.537616560968
"개방화장실","제주항 5부두 임항창고","제주특별자치도 제주시 임항로 173 제주항 5부두 임항창고","1","0","0","",33.5233784273818,126.540820107682
"개방화장실","한라생태숲 주차장","제주특별자치도 제주시 용강동 산 14-1 한라생태숲 주차장","1","0","0","",33.4303537711359,126.596005011562
"간이화장실","유아숲체험원","제주특별자치도 제주시 조천읍 함덕리 260-13 유아숲체험원","1","0","0","",33.5425203587786,126.678037511777
"개방화장실","제주특별자치도청 제1청사","제주특별자치도 제주시 문연로 6 제주특별자치도청 제1청사","1","0","0","",33.4882207234688,126.497722598412
"개방화장실","제주특별자치도청 제2청사","제주특별자치도 제주시 문연로 30 제주특별자치도청 제2청사","1","0","0","",33.4893692488365,126.500552349812
"공중화장실","해녀박물관","제주특별자치도 제주시 구좌읍 해녀박물관길 26","1","0","0","",33.5236098768953,126.863425590364
"개방화장실","동백동산","제주특별자치도 제주시 조천읍 동백로 77 동백동산","1","0","0","",33.5096986284984,126.715667231971
"개방화장실","에코촌 유스호스텔 주차장","제주특별자치도 제주시 조천읍 북흘로 376-9 에코촌 유스호스텔 주차장","1","0","0","",33.5169099213804,126.703719949917
"공중화장실","영흥리","제주특별자치도 제주시 추자면 추자로 107 영흥리","1","0","0","",33.9600395852874,126.297517887969
"공중화장실","묵리","제주특별자치도 제주시 추자면 추자로 376-3 묵리","1","0","0","",33.9447545445012,126.312289905079
"공중화장실","추석산","제주특별자치도 제주시 추자면 신양리 산 20-2 추석산","1","0","0","",33.9484775817849,126.338959561354
"공중화장실","휴양팬션","제주특별자치도 제주시 추자면 추자로 500 휴양팬션","1","0","0","",33.9402385272452,126.32347450121
"공중화장실","대서광장","제주특별자치도 제주시 추자면 추자로 37 대서광장","1","0","0","",33.9626741835174,126.295628827531
"공중화장실","추포도","제주특별자치도 제주시 추자면 추포도길 30","1","0","0","",33.9865633096104,126.321674233231
"공중화장실","신양리 동쪽 방파제 입구","제주특별자치도 제주시 추자면 신양2길 28-8 신양리 동쪽 방파제 입구","1","0","0","",33.944600663202,126.329037136862
"공중화장실","하우목동항","제주특별자치도 제주시 우도면 우도해안길 353 하우목동항","1","0","0","",33.509711529552,126.943121661288
"공중화장실","홍조단괴 탈의장","제주특별자치도 제주시 우도면 우도해안길 256 홍조단괴 탈의장","1","0","0","",33.5030272201424,126.943312324338
"공중화장실","우도봉","제주특별자치도 제주시 우도면 연평리 산 27-3 우도봉","1","0","0","",33.4930213600012,126.960118154417
"개방화장실","한림읍 주민자치센터","제주특별자치도 제주시 한림읍 한림로 636 한림읍 주민자치센터","1","0","0","",33.4125612181058,126.261828280131
"개방화장실","한림체육관","제주특별자치도 제주시 한림읍 한림중앙로 71-9 한림체육관","1","0","0","",33.4096918414655,126.268544091817
"공중화장실","검멀레","제주특별자치도 제주시 우도면 우도해안길 1142 검멀레","1","0","0","",33.4981138353182,126.966625077732
"공중화장실","검멀레 주차장","제주특별자치도 제주시 우도면 우도해안길 1142 검멀레 주차장","1","0","0","",33.4981138353182,126.966625077732
"공중화장실","안비양","제주특별자치도 제주시 우도면 연평리 5-1 안비양","1","0","0","",33.5146952452357,126.96878216981
"개방화장실","제주하수처리장 관리동","제주특별자치도 제주시 도리로 254 제주하수처리장 관리동","1","0","0","",33.5084357428181,126.476787350607
"공중화장실","항일기념관","제주특별자치도 제주시 조천읍 신북로 303 항일기념관","1","0","0","",33.5410272892201,126.640725487452
"개방화장실","문화예술진흥원","제주특별자치도 제주시 동광로 69 문화예술진흥원","1","0","0","",33.5044439719241,126.535172425694
"개방화장실","연동","제주특별자치도 제주시 신대로 101 연동","1","0","0","",33.4883782338729,126.4969229706
"개방화장실","노형동","제주특별자치도 제주시 노형9길 9-4 노형동","1","0","0","",33.4828815730764,126.476992147852
"개방화장실","노형동","제주특별자치도 제주시 해안마을7길 1-1 노형동","1","0","0","",33.4555059777246,126.455002065828
"개방화장실","서부농업기술센터 청사","제주특별자치도 제주시 한림읍 월림7길 90 서부농업기술센터 청사","1","0","0","",33.3534662412754,126.247697582116
"개방화장실","서부농업기술센터","제주특별자치도 제주시 한림읍 월림7길 90 서부농업기술센터","1","0","0","",33.3534662412754,126.247697582116
"개방화장실","상하수도본부내","제주특별자치도 제주시 조천읍 중산간동로 601 상하수도본부내","1","0","0","",33.4995583353018,126.650137157232
"개방화장실","제주소방서","제주특별자치도 제주시 중앙로 342 제주소방서","1","0","0","",33.4908890396985,126.53665931458
"개방화장실","보건환경연구원","제주특별자치도 제주시 삼동길 41 보건환경연구원","1","0","0","",33.4799395653744,126.495053637834
"개방화장실","고용복지플러스센터","제주특별자치도 제주시 중앙로 165 고용복지플러스센터","1","0","0","",33.5043812166115,126.52707119648
"개방화장실","한라도서관","제주특별자치도 제주시 오남로 221 한라도서관","1","0","0","",33.4762076291588,126.516196474169
"개방화장실","돌박물관","제주특별자치도 제주시 조천읍 남조로 2023 돌박물관","1","0","0","",33.4513306225484,126.656661764088
"공중화장실","돌박물관 야외","제주특별자치도 제주시 조천읍 남조로 2023 돌박물관 야외","1","0","0","",33.4513306225484,126.656661764088
"공중화장실","돌문화공원 야외","제주특별자치도 제주시 조천읍 남조로 2023 돌문화공원 야외","1","0","0","",33.4513306225484,126.656661764088
"공중화장실","오백장군갤러리","제주특별자치도 제주시 조천읍 남조로 2023 오백장군갤러리","1","0","0","",33.4513306225484,126.656661764088
"개방화장실","교래자연휴양림","제주특별자치도 제주시 조천읍 남조로 2023 교래자연휴양림","1","0","0","",33.4513306225484,126.656661764088
"개방화장실","교래자연휴양림 야영장","제주특별자치도 제주시 조천읍 남조로 2023 교래자연휴양림 야영장","1","0","0","",33.4513306225484,126.656661764088
"개방화장실","제주시청 시민","제주특별자치도 제주시 광양9길 10 제주시청 시민","1","0","0","",33.5002142104177,126.532217532238
"개방화장실","외도동","제주특별자치도 제주시 일주서로 7350 외도동","1","0","0","",33.4929257850648,126.432122115434
"개방화장실","이호동","제주특별자치도 제주시 백포서길 9 이호동","1","0","0","",33.4998127867455,126.458102481739
"개방화장실","도두동","제주특별자치도 제주시 도두1길 9-1 도두동","1","0","0","",33.5028293351757,126.468092387591
"개방화장실","인제 공영주차장","제주특별자치도 제주시 고마로19길 5 인제 공영주차장","1","0","0","",33.5048165981802,126.541925702407
"공중화장실","함덕오일시장","제주특별자치도 제주시 조천읍 함덕16길 15-13 함덕오일시장","1","0","0","",33.5402526599241,126.667960660289
"공중화장실","함덕어촌정주어항","제주특별자치도 제주시 조천읍 함덕리 3113-5 함덕어촌정주어항","1","0","0","",33.5456413384795,126.661681275495
"공중화장실","북촌어촌정주어항","제주특별자치도 제주시 조천읍 북촌리 1363-4 북촌어촌정주어항","1","0","0","",33.5509142406311,126.6935147347
"공중화장실","관곶","제주특별자치도 제주시 조천읍 신흥리 792-2 관곶","1","0","0","",33.5532524259051,126.644291702435
"공중화장실","북촌 해동","제주특별자치도 제주시 조천읍 북촌리 1445 북촌 해동","1","0","0","",33.5486403582695,126.685577232202
"공중화장실","소금밭","제주특별자치도 제주시 조천읍 조함해안로 273-31 소금밭","1","0","0","",33.5515346018566,126.648481554769
"공중화장실","교래리 삼다수숲길","제주특별자치도 제주시 조천읍 남조로 1793 교래리 삼다수숲길","1","0","0","",33.4280528496439,126.67414258303
"공중화장실","자구네포구","제주특별자치도 제주시 한경면 노을해안로 1161 자구네포구","1","0","0","",33.3093275173227,126.165158091607
"공중화장실","고산엉알","제주특별자치도 제주시 한경면 노을해안로 1032-20 고산엉알","1","0","0","",33.3002681290285,126.167619670644
"공중화장실","차귀도","제주특별자치도 제주시 한경면 고산리 산 34 차귀도","1","0","0","",33.3109615221159,126.161109144283
"공중화장실","고산수월봉","제주특별자치도 제주시 한경면 고산리 3758-2 고산수월봉","1","0","0","",33.29450207733,126.163713747921
"공중화장실","낙천테마마을","제주특별자치도 제주시 한경면 낙수로 97 낙천테마마을","1","0","0","",33.3279027400333,126.226254961964
"공중화장실","신창싱계물","제주특별자치도 제주시 한경면 신창리 1321-2 신창싱계물","1","0","0","",33.3428122591546,126.174463164908
"공중화장실","용당포구","제주특별자치도 제주시 한경면 용수리 3891-3 용당포구","1","0","0","",33.3366307248029,126.16525624146
"공중화장실","용수절부암","제주특별자치도 제주시 한경면 용수리 4274-2 용수절부암","1","0","0","",33.3228635935208,126.166932490569
"공중화장실","저지오름","제주특별자치도 제주시 한경면 저지리 산 50-8 저지오름","1","0","0","",33.3311384893997,126.254293130168
"공중화장실","저지오름주차장","제주특별자치도 제주시 한경면 저지리 산 52 저지오름주차장","1","0","0","",33.335000090484,126.247738858553
"공중화장실","마중오름","제주특별자치도 제주시 한경면 저지리 2181 마중오름","1","0","0","",33.3345938049592,126.276029185946
"공중화장실","조수돗곳물","제주특별자치도 제주시 한경면 조수리 1902-1 조수돗곳물","1","0","0","",33.3373805124484,126.221568233919
"공중화장실","두모리포구","제주특별자치도 제주시 한경면 두모11길 51 두모리포구","1","0","0","",33.3568982022245,126.182511533708
"공중화장실","용수충혼묘지","제주특별자치도 제주시 한경면 용수리 3043 용수충혼묘지","1","0","0","",33.3218356607196,126.178067601834
"공중화장실","금등소공원","제주특별자치도 제주시 한경면 금등리 697-3 금등소공원","1","0","0","",33.3610596418158,126.191997471534
"공중화장실","청수 곶자왈","제주특별자치도 제주시 한경면 청수리 97 청수 곶자왈","1","0","0","",33.3059961469574,126.261911179139
"공중화장실","고내봉산책로","제주특별자치도 제주시 애월읍 고하상로 78-5 고내봉산책로","1","0","0","",33.457881070042,126.344758847666
"공중화장실","다락쉼터","제주특별자치도 제주시 애월읍 애월해안로 288 다락쉼터","1","0","0","",33.4699467215318,126.340676537838
"공중화장실","곽지과물해변통시","제주특별자치도 제주시 애월읍 곽지1길 31 곽지과물해변통시","1","0","0","",33.448505932771,126.30309375097
"공중화장실","곽지해수욕장","제주특별자치도 제주시 애월읍 곽지1길 31 곽지해수욕장","1","0","0","",33.448505932771,126.30309375097
"공중화장실","애월읍공설묘지","제주특별자치도 제주시 애월읍 광령리 산 157 애월읍공설묘지","1","0","0","",33.4195072431929,126.447192361475
"개방화장실","제주시청 본관","제주특별자치도 제주시 광양9길 10 제주시청 본관","1","0","0","",33.5002142104177,126.532217532238
"공중화장실","비양동 탈의장","제주특별자치도 제주시 우도면 연평리 682-6 비양동 탈의장","1","0","0","",33.5122489142232,126.959680530847
"공중화장실","도항선 대합실","제주특별자치도 제주시 우도면 우도해안길 70 도항선 대합실","1","0","0","",33.4928045322592,126.951541390313
"공중화장실","톨칸이","제주특별자치도 제주시 우도면 연평리 1723 톨칸이","1","0","0","",33.4915308667378,126.956232215768
"공중화장실","산호사","제주특별자치도 제주시 우도면 연평리 2565 산호사","1","0","0","",33.501901973071,126.943806382629
"공중화장실","우도봉담수장","제주특별자치도 제주시 우도면 연평리 383-1 우도봉담수장","1","0","0","",33.4966741227236,126.96212947697
"공중화장실","하고수동 탈의장","제주특별자치도 제주시 우도면 우도해안길 807 하고수동 탈의장","1","0","0","",33.5138583046139,126.957347255426
"공중화장실","김진사 생가터","제주특별자치도 제주시 우도면 영일진사길 76 김진사 생가터","1","0","0","",33.5022212824878,126.959403971581
"개방화장실","첨단5근린공원","제주특별자치도 제주시 아라일동 3009 첨단5근린공원","1","0","0","",33.4455943621845,126.5687396426
"개방화장실","신산공원3","제주특별자치도 제주시 일도이동 995-87 신산공원3","1","0","0","",33.5073471133727,126.531895999616
"개방화장실","절물자연휴양림 1","제주특별자치도 제주시 명림로 584 절물자연휴양림 1","1","0","0","",33.440049258236,126.625203614349
"개방화장실","절물자연휴양림 2","제주특별자치도 제주시 명림로 584 절물자연휴양림 2","1","0","0","",33.440049258236,126.625203614349
"개방화장실","절물자연휴양림 3","제주특별자치도 제주시 명림로 584 절물자연휴양림 3","1","0","0","",33.440049258236,126.625203614349
"개방화장실","노루생태관찰원 1","제주특별자치도 제주시 명림로 520 노루생태관찰원 1","1","0","0","",33.4443239221222,126.6266892746
"개방화장실","노루생태관찰원 2","제주특별자치도 제주시 명림로 520 노루생태관찰원 2","1","0","0","",33.4443239221222,126.6266892746
"공중화장실","김녕항 요트학교 옆","제주특별자치도 제주시 구좌읍 구좌해안로 229-16 김녕항 요트학교 옆","1","0","0","",33.5582479162063,126.7372597689
"공중화장실","신양항","제주특별자치도 제주시 추자면 석두리길 25 신양항","1","0","0","",33.9380146789627,126.324182594556
"개방화장실","애월읍 레포츠공원","제주특별자치도 제주시 애월읍 애월해안로 346 애월읍 레포츠공원","1","0","0","",33.4711396016788,126.344585280904
"공중화장실","자구네 해적잠수함","제주특별자치도 제주시 한경면 고산리 3615-11 자구네 해적잠수함","1","0","0","",33.30776739567,126.163923971245
"공중화장실","올레13코스","제주특별자치도 제주시 한경면 신정로 124-2 올레13코스","1","0","0","",33.3249567637331,126.19438523211
"공중화장실","팔각정 공원","제주특별자치도 제주시 추자면 대서리 2-11 팔각정 공원","1","0","0","",33.9629492830119,126.299143153637
"공중화장실","목게","제주특별자치도 제주시 추자면 대서리 산 186 목게","1","0","0","",33.9612187501575,126.286638063497
"공중화장실","메지박","제주특별자치도 제주시 추자면 대서리 365 메지박","1","0","0","",33.9646397609397,126.285776186927
"공중화장실","광령저수지 남쪽","제주특별자치도 제주시 애월읍 광령북3길 27-4 광령저수지 남쪽","1","0","0","",33.4701966910697,126.426146878768
"공중화장실","납읍난대림","제주특별자치도 제주시 애월읍 납읍로2길 36 납읍난대림","1","0","0","",33.4356847087895,126.329799855957
"공중화장실","선운정사내","제주특별자치도 제주시 애월읍 구몰동길 65 선운정사내","1","0","0","",33.4293598179556,126.307146349055
"공중화장실","큰노꼬메오름주차장","제주특별자치도 제주시 애월읍 소길리 산 255-4 큰노꼬메오름주차장","1","0","0","",33.3914079143708,126.397876687123
"공중화장실","애월읍충혼묘지","제주특별자치도 제주시 애월읍 수산리 산 1-1 애월읍충혼묘지","1","0","0","",33.4738174993593,126.382839395312
"공중화장실","신엄농산물 직거래장터","제주특별자치도 제주시 애월읍 신엄리 3092 신엄농산물 직거래장터","1","0","0","",33.46927308195,126.36019190674
"공중화장실","쪽제비동산","제주특별자치도 제주시 우도면 연평리 299 쪽제비동산","1","0","0","",33.5015671834583,126.9687891432
"공중화장실","천진항","제주특별자치도 제주시 우도면 우도해안길 94-4 천진항","1","0","0","",33.4946170068749,126.95012176019
"공중화장실","오봉리 전흘동 광장","제주특별자치도 제주시 우도면 연평리 890-2 오봉리 전흘동 광장","1","0","0","",33.5191280839067,126.950346550736
"공중화장실","산지천","제주특별자치도 제주시 관덕로17길 13-1 산지천","1","0","0","",33.5140232378725,126.527745153622
"개방화장실","일도1동 주민센터 앞","제주특별자치도 제주시 중앙로7길 15 일도1동 주민센터 앞","1","0","0","",33.5150582697264,126.526377102562
"공중화장실","기상청 인근","제주특별자치도 제주시 만덕로6길 24-6 기상청 인근","1","0","0","",33.5135966625774,126.529561068879
"개방화장실","일도체육공원","제주특별자치도 제주시 연수로 12 일도체육공원","1","0","0","",33.5039108969216,126.546519283248
"공중화장실","그린공원 배드민턴장","제주특별자치도 제주시 연수로 12 그린공원 배드민턴장","1","0","0","",33.5039108969216,126.546519283248
"개방화장실","시민복지타운","제주특별자치도 제주시 연삼로 286 시민복지타운","1","0","0","",33.4918468474186,126.523851370528
"개방화장실","칠성공영주차장","제주특별자치도 제주시 임항로 8 칠성공영주차장","1","0","0","",33.5165151487957,126.525246525342
"개방화장실","양지공원 관리동","제주특별자치도 제주시 516로 2810-31 양지공원 관리동","1","0","0","",33.44049962005,126.578902710556
"개방화장실","양지공원 화장동","제주특별자치도 제주시 516로 2810-31 양지공원 화장동","1","0","0","",33.44049962005,126.578902710556
"개방화장실","양지공원 제1추모의집","제주특별자치도 제주시 516로 2810-31 양지공원 제1추모의집","1","0","0","",33.44049962005,126.578902710556
"개방화장실","양지공원 제2추모의집","제주특별자치도 제주시 516로 2810-31 양지공원 제2추모의집","1","0","0","",33.44049962005,126.578902710556
"개방화장실","양지공원 제3추모의집","제주특별자치도 제주시 516로 2810-31 양지공원 제3추모의집","1","0","0","",33.44049962005,126.578902710556
"개방화장실","어리목 주차장","제주특별자치도 제주시 1100로 2070-61 어리목 주차장","1","0","0","",33.3926868254858,126.494840454381
"개방화장실","어리목 여성전용","제주특별자치도 제주시 1100로 2070-61 어리목 여성전용","1","0","0","",33.3926868254858,126.494840454381
"개방화장실","어리목 제2주차장","제주특별자치도 제주시 1100로 2073 어리목 제2주차장","1","0","0","",33.3898045347656,126.485004112287
"개방화장실","어리목 윗세오름","제주특별자치도 제주시 애월읍 1100로 2070-510 어리목 윗세오름","1","0","0","",33.3619949718734,126.517641755095
"개방화장실","어리목 탐방안내소","제주특별자치도 제주시 1100로 2070-61 어리목 탐방안내소","1","0","0","",33.3926868254858,126.494840454381
"개방화장실","성판악 주차장","제주특별자치도 제주시 조천읍 516로 1865 성판악 주차장","1","0","0","",33.3844995042587,126.619407091901
"개방화장실","용담체육공원","제주특별자치도 제주시 서해안로 580 용담체육공원","1","0","0","",33.5182371195832,126.499442747784
"공중화장실","어영공원","제주특별자치도 제주시 용담삼동 어영공원","1","0","0","",33.5173129621857,126.4864405483
"공중화장실","산짓물공원","제주특별자치도 제주시 건입동 1328-4 산짓물공원","1","0","0","",33.5159054189518,126.528934731799
"공중화장실","해신사","제주특별자치도 제주시 진북길 13-1 해신사","1","0","0","",33.5244294607379,126.565526185927
"공중화장실","망동산","제주특별자치도 제주시 화북일동 1957 망동산","1","0","0","",33.5214939136434,126.564765088589
"공중화장실","해안포구","제주특별자치도 제주시 금산5길 38 해안포구","1","0","0","",33.5258187722044,126.563898716737
"공중화장실","별도봉산책로","제주특별자치도 제주시 별도봉길 3-19 별도봉산책로","1","0","0","",33.518365317507,126.557390654798
"공중화장실","삼양해수욕장","제주특별자치도 제주시 선사로8길 15 삼양해수욕장","1","0","0","",33.5257402269663,126.586879316626
"공중화장실","샛도리물","제주특별자치도 제주시 삼양일동 1938-3 샛도리물","1","0","0","",33.5292740223337,126.589240214778
"공중화장실","삼양포구","제주특별자치도 제주시 서흘1길 79 삼양포구","1","0","0","",33.5318463419515,126.591472547547
"공중화장실","삼양동버스회차지","제주특별자치도 제주시 삼양일동 1579-1 삼양동버스회차지","1","0","0","",33.529506453136,126.593503318076
"공중화장실","삼양삼동","제주특별자치도 제주시 삼양삼동 2621-9","1","0","0","",33.5274289352354,126.576556003279
"개방화장실","법원북측주차장","제주특별자치도 제주시 도남동 1066 법원북측주차장","1","0","0","",33.4883326708007,126.522342781885
"공중화장실","느지리오름","제주특별자치도 제주시 한림읍 봉수대길 5 느지리오름","1","0","0","",33.3628838498294,126.260787115839
"공중화장실","금능해수욕장","제주특별자치도 제주시 한림읍 금능길 119-10 금능해수욕장","1","0","0","",33.3904006277236,126.236205125385
"공중화장실","협재해수욕장","제주특별자치도 제주시 한림읍 한림로 329-10 협재해수욕장","1","0","0","",33.393748028429,126.239431893466
"공중화장실","한림매일시장","제주특별자치도 제주시 한림읍 한림리 1314-200 한림매일시장","1","0","0","",33.416179798529,126.263765195428
"공중화장실","비양도대합실","제주특별자치도 제주시 한림읍 한림해안로 196 비양도대합실","1","0","0","",33.4193066723617,126.262518959758
"공중화장실","수원리","제주특별자치도 제주시 한림읍 한림해안로 271 수원리","1","0","0","",33.4254439271642,126.264397926838
"공중화장실","귀덕2리방파제","제주특별자치도 제주시 한림읍 한림해안로 621 귀덕2리방파제","1","0","0","",33.4424829514566,126.278667142664
"공중화장실","궤물동산","제주특별자치도 제주시 한림읍 귀덕9길 21-1 궤물동산","1","0","0","",33.4426134725619,126.289626018809
"공중화장실","귀덕1리 동방파제","제주특별자치도 제주시 한림읍 귀덕11길 23-3 귀덕1리 동방파제","1","0","0","",33.4456457815347,126.294111032079
"공중화장실","한림오일시장","제주특별자치도 제주시 한림읍 대림리 1699 한림오일시장","1","0","0","",33.4207217804781,126.273854679919
"공중화장실","한림오일시장","제주특별자치도 제주시 한림읍 한수풀로4길 10 한림오일시장","1","0","0","",33.4198324657691,126.27450372708
"개방화장실","서귀포강정크루즈터미널 대합실","제주특별자치도 서귀포시 말질로 261 서귀포강정크루즈터미널 대합실","1","0","0","",33.2283528721129,126.47743985711
"개방화장실","서귀포강정크루즈터미널 입국장","제주특별자치도 서귀포시 말질로 261 서귀포강정크루즈터미널 입국장","1","0","0","",33.2283528721129,126.47743985711
"개방화장실","감사위원회건물","제주특별자치도 서귀포시 신중로 37 감사위원회건물","1","0","0","",33.2555564660946,126.510424211637
"개방화장실","추사김정희유배지","제주특별자치도 서귀포시 대정읍 추사로 44 추사김정희유배지","1","0","0","",33.2497961434763,126.278493950861
"개방화장실","삼주상가","제주특별자치도 서귀포시 김정문화로 60 삼주상가","1","0","0","",33.2507,126.51129
"개방화장실","동남아파트상가","제주특별자치도 서귀포시 신서귀로 3 동남아파트상가","1","0","0","",33.24958,126.50973
"개방화장실","성산연립 상가","제주특별자치도 서귀포시 신서귀로97번길 84 성산연립 상가","1","0","0","",33.2509912395086,126.504975960978
"개방화장실","서귀주유소","제주특별자치도 서귀포시 중정로 122 서귀주유소","1","0","0","",33.2483452651217,126.569097841783
"개방화장실","삼주상가","제주특별자치도 서귀포시 김정문화로 66 삼주상가","1","0","0","",33.2507,126.51129
"개방화장실","서귀포선박기관장협의회 사무실","제주특별자치도 서귀포시 칠십리로 36 서귀포선박기관장협의회 사무실","1","0","0","",33.23997,126.56216
"개방화장실","신도리어촌계식당","제주특별자치도 서귀포시 대정읍 노을해안로 724 신도리어촌계식당","1","0","0","",33.2764935322761,126.17104337002
"개방화장실","성산읍납골당","제주특별자치도 서귀포시 성산읍 금백조로 548 성산읍납골당","1","0","0","",33.4348572058032,126.816856149181
"개방화장실","세화보건진료소","제주특별자치도 서귀포시 표선면 세성로 302-1 세화보건진료소","1","0","0","",33.33178797216,126.79825813308
"개방화장실","성읍보건진료소","제주특별자치도 서귀포시 표선면 성읍정의현로 88-10 성읍보건진료소","1","0","0","",33.3904600011152,126.801973214552
"개방화장실","가시보건진료소","제주특별자치도 서귀포시 표선면 가시로613번길 56-1 가시보건진료소","1","0","0","",33.3541033708362,126.771261102422
"개방화장실","신풍보건진료소","제주특별자치도 서귀포시 성산읍 풍천로192번길 40-1 신풍보건진료소","1","0","0","",33.3612111303566,126.838850841976
"개방화장실","신산보건진료소","제주특별자치도 서귀포시 성산읍 환해장성로111번길 21-12 신산보건진료소","1","0","0","",33.3822359681946,126.87734829819
"개방화장실","삼달보건진료소","제주특별자치도 서귀포시 성산읍 삼달로 215 삼달보건진료소","1","0","0","",33.3742666327881,126.846763966274
"개방화장실","온평보건진료소","제주특별자치도 서귀포시 성산읍 온평애향로23번길 6 온평보건진료소","1","0","0","",33.408122524818,126.900173626517
"개방화장실","난산보건진료소","제주특별자치도 서귀포시 성산읍 난산로 28 난산보건진료소","1","0","0","",33.4010458703239,126.871951571463
"개방화장실","수산보건진료소","제주특별자치도 서귀포시 성산읍 수산서남로 17-1 수산보건진료소","1","0","0","",33.4460276164937,126.882717388764
"개방화장실","서부보건소","제주특별자치도 서귀포시 대정읍 최남단해안로15번길 12 서부보건소","1","0","0","",33.21869,126.25341
"개방화장실","안덕보건지소","제주특별자치도 서귀포시 안덕면 화순중앙로12번길 30-9 안덕보건지소","1","0","0","",33.25056,126.33149
"개방화장실","가파보건진료소","제주특별자치도 서귀포시 대정읍 가파로67번길 30 가파보건진료소","1","0","0","",33.1680329110253,126.271708456801
"개방화장실","마라보건진료소","제주특별자치도 서귀포시 대정읍 마라로101번길 22 마라보건진료소","1","0","0","",33.1165348217664,126.267194148877
"개방화장실","신도보건진료소","제주특별자치도 서귀포시 대정읍 도원로 37 신도보건진료소","1","0","0","",33.2774856232667,126.174263155463
"개방화장실","신평보건진료소","제주특별자치도 서귀포시 대정읍 중산간서로 2600 신평보건진료소","1","0","0","",33.2659605566451,126.259353040366
"개방화장실","무릉보건진료소","제주특별자치도 서귀포시 대정읍 중산간서로 2877 무릉보건진료소","1","0","0","",33.2743692361776,126.234207376441
"개방화장실","구억보건진료소","제주특별자치도 서귀포시 대정읍 중산간서로 2364 구억보건진료소","1","0","0","",33.2742473182738,126.279823174982
"개방화장실","사계보건진료소","제주특별자치도 서귀포시 안덕면 산방로 349 사계보건진료소","1","0","0","",33.2320282155149,126.299439221917
"개방화장실","서귀포천문과학문화관","제주특별자치도 서귀포시 1100로 506-1 서귀포천문과학문화관","1","0","0","",33.2888519761506,126.460413682956
"개방화장실","성산포항여객터미널","제주특별자치도 서귀포시 성산읍 성산등용로 130-21 성산포항여객터미널","1","0","0","",33.4729279933634,126.934506143367
"개방화장실","성산포항","제주특별자치도 서귀포시 성산읍 성산등용로 130-21 성산포항","1","0","0","",33.4729279933634,126.934506143367
"개방화장실","화순항종합관리센터","제주특별자치도 서귀포시 안덕면 화순해안로106번길 16 화순항종합관리센터","1","0","0","",33.2369971040116,126.335235246783
"개방화장실","산호다방","제주특별자치도 서귀포시 부두로 55 산호다방","1","0","0","",33.2400560442033,126.564443145543
"개방화장실","서귀어촌계","제주특별자치도 서귀포시 칠십리로 36 서귀어촌계","1","0","0","",33.2400352325591,126.561957208762
"개방화장실","보목동어촌계","제주특별자치도 서귀포시 보목포로 46 보목동어촌계","1","0","0","",33.2396461964278,126.607924341945
"개방화장실","대원빌딩","제주특별자치도 서귀포시 명동로 14 대원빌딩","1","0","0","",33.2470548750272,126.563416942317
"개방화장실","청수빌딩","제주특별자치도 서귀포시 태평로431번길 32 청수빌딩","1","0","0","",33.24829,126.56617
"개방화장실","고향순대","제주특별자치도 서귀포시 천지로 23 고향순대","1","0","0","",33.2497002213252,126.560641159009
"개방화장실","서귀북초등학교야외","제주특별자치도 서귀포시 중앙로 175 서귀북초등학교야외","1","0","0","",33.25972,126.55917
"개방화장실","민우상가","제주특별자치도 서귀포시 김정문화로 52 민우상가","1","0","0","",33.25095,126.51013
"개방화장실","혼인지","제주특별자치도 서귀포시 성산읍 혼인지로 39-14","1","0","0","",33.414969660782,126.894918374535
"개방화장실","성읍민속남문상가 1","제주특별자치도 서귀포시 표선면 성읍정의현로22번길 6 성읍민속남문상가 1","1","0","0","",33.3844593296212,126.80138475134
"개방화장실","성읍민속남문상가 2","제주특별자치도 서귀포시 표선면 성읍정의현로34번길 5-14 성읍민속남문상가 2","1","0","0","",33.38705,126.80158
"개방화장실","한란전시관","제주특별자치도 서귀포시 돈내코로67번길 19 한란전시관","1","0","0","",33.2963883593358,126.590530883285
"개방화장실","발자국화석관리사무소","제주특별자치도 서귀포시 대정읍 형제해안로 192 발자국화석관리사무소","1","0","0","",33.2173594034123,126.293135312424
"개방화장실","성산일출봉","제주특별자치도 서귀포시 성산읍 일출로 284-13 성산일출봉","1","0","0","",33.4629589549542,126.936158934825
"개방화장실","성산일출봉","제주특별자치도 서귀포시 성산읍 일출로 284-6 성산일출봉","1","0","0","",33.46247,126.93512
"개방화장실","성판악 진달래밭","제주특별자치도 서귀포시 남원읍 영실로 492 성판악 진달래밭","1","0","0","",33.3593454185764,126.570614178654
"개방화장실","영실 관리사무소","제주특별자치도 서귀포시 영실로 246 영실 관리사무소","1","0","0","",33.3401037178534,126.480513093074
"개방화장실","영실 1100고지","제주특별자치도 서귀포시 1100로 1555 영실 1100고지","1","0","0","",33.3578491473629,126.46242448237
"개방화장실","영실 휴게소옆","제주특별자치도 서귀포시 영실로 226 영실 휴게소옆","1","0","0","",33.3386324429575,126.479172899391
"개방화장실","돈내코 평궤","제주특별자치도 서귀포시 상효동 산 1-2 돈내코 평궤","1","0","0","",33.3494441779799,126.549723356281
"개방화장실","농산물가공교육장","제주특별자치도 서귀포시 남원읍 중산간동로 7413 농산물가공교육장","1","0","0","",33.28819,126.60732
"개방화장실","대왕수천","제주특별자치도 서귀포시 상예동 517 대왕수천","1","0","0","",33.25474,126.39795
"개방화장실","제지기오름","제주특별자치도 서귀포시 보목동 275-1 제지기오름","1","0","0","",33.24177090588,126.610078628977
"개방화장실","소남머리","제주특별자치도 서귀포시 보목동 99-2 소남머리","1","0","0","",33.25095,126.60477
"개방화장실","검은여","제주특별자치도 서귀포시 토평동 399 검은여","1","0","0","",33.24444,126.58583
"개방화장실","외통체육공원","제주특별자치도 서귀포시 신효동 1191-1 외통체육공원","1","0","0","",33.2682042597428,126.608340833517
"개방화장실","애기업은돌체육공원","제주특별자치도 서귀포시 신효동 657-2 애기업은돌체육공원","1","0","0","",33.2666735793362,126.610729069771
"개방화장실","오조 한도교","제주특별자치도 서귀포시 성산읍 한도로 141-4 오조 한도교","1","0","0","",33.46896,126.92324
"개방화장실","오조 올레","제주특별자치도 서귀포시 성산읍 오조로100번길 4 오조 올레","1","0","0","",33.4625546238452,126.91478030265
"개방화장실","수산2리 생태마을 포토존","제주특별자치도 서귀포시 성산읍 금백조로 333 수산2리 생태마을 포토존","1","0","0","",33.4364685879974,126.838132887305
"개방화장실","갑문소공원","제주특별자치도 서귀포시 성산읍 성산등용로 65 갑문소공원","1","0","0","",33.4677636093339,126.929149377211
"개방화장실","신산 막내해녀","제주특별자치도 서귀포시 성산읍 환해장성로 183 신산 막내해녀","1","0","0","",33.3854672189072,126.885879971002
"개방화장실","신천리 어촌계","제주특별자치도 서귀포시 성산읍 신천서로 87 신천리 어촌계","1","0","0","",33.33953,126.85542
"개방화장실","오조리 올레길","제주특별자치도 서귀포시 성산읍 오조리 214 오조리 올레길","1","0","0","",33.46212,126.91921
"개방화장실","안덕면사무소","제주특별자치도 서귀포시 안덕면 화순서서로 74 안덕면사무소","1","0","0","",33.2575815254076,126.330624405277
"개방화장실","면 주민자치센터","제주특별자치도 서귀포시 안덕면 화순서서로 74 면 주민자치센터","1","0","0","",33.25726,126.33065
"개방화장실","안덕체육관","제주특별자치도 서귀포시 안덕면 화순서서로 59 안덕체육관","1","0","0","",33.25623,126.32827
"개방화장실","안덕계곡","제주특별자치도 서귀포시 안덕면 일주서로 1519 안덕계곡","1","0","0","",33.25827,126.35385
"개방화장실","화순금모래","제주특별자치도 서귀포시 안덕면 화순해안로 69 화순금모래","1","0","0","",33.2408567045633,126.33394585598
"개방화장실","안덕청소년문화의집","제주특별자치도 서귀포시 안덕면 화순로56번길 20 안덕청소년문화의집","1","0","0","",33.2494161268031,126.33700212542
"개방화장실","사계포구","제주특별자치도 서귀포시 안덕면 형제해안로 13 사계포구","1","0","0","",33.2280646675148,126.305397133786
"개방화장실","대평버스정류소","제주특별자치도 서귀포시 안덕면 대평감산로 4 대평버스정류소","1","0","0","",33.23515,126.36721
"개방화장실","화순곶자왈","제주특별자치도 서귀포시 안덕면 화순서동로 151 화순곶자왈","1","0","0","",33.2634798631872,126.332363869896
"개방화장실","대평포구","제주특별자치도 서귀포시 안덕면 난드르로 82 대평포구","1","0","0","",33.2374054060087,126.361508232145
"개방화장실","서광동리곶자왈","제주특별자치도 서귀포시 안덕면 서광리 산 6 서광동리곶자왈","1","0","0","",33.2820754237525,126.336754879917
"개방화장실","돈내코운동장","제주특별자치도 서귀포시 돈내코로 128 돈내코운동장","1","0","0","",33.300843894278,126.583658559919
"개방화장실","돈내코야영장","제주특별자치도 서귀포시 돈내코로 128 돈내코야영장","1","0","0","",33.300843894278,126.583658559919
"개방화장실","돈내코사무실","제주특별자치도 서귀포시 돈내코로 114 돈내코사무실","1","0","0","",33.3002409928156,126.584767758792
"개방화장실","서귀포농업기술센터 청사","제주특별자치도 서귀포시 남원읍 중산간동로 7415 서귀포농업기술센터 청사","1","0","0","",33.28756,126.6077
"개방화장실","바람의언덕초가집","제주특별자치도 서귀포시 남원읍 중산간동로 7327 바람의언덕초가집","1","0","0","",33.2891087862818,126.611214895277
"개방화장실","제다원초가집","제주특별자치도 서귀포시 남원읍 중산간동로 7361-35 제다원초가집","1","0","0","",33.28808,126.61067
"개방화장실","감귤홍보관","제주특별자치도 서귀포시 남원읍 중산간동로 7413 감귤홍보관","1","0","0","",33.28809,126.6081
"개방화장실","야외","제주특별자치도 서귀포시 남원읍 중산간동로 7433-23 야외","1","0","0","",33.28709,126.61082
"개방화장실","동부농업기술센터 농기계임대사업소 분소","제주특별자치도 서귀포시 표선면 서성일로 138 동부농업기술센터 농기계임대사업소 분소","1","0","0","",33.4009132193674,126.809137089274
"개방화장실","의귀교회","제주특별자치도 서귀포시 남원읍 남조로381번길 7 의귀교회","1","0","0","",33.3118815528967,126.713613549417
"개방화장실","서광동보건진료소","제주특별자치도 서귀포시 안덕면 중산간서로 1811 서광동보건진료소","1","0","0","",33.2866537053132,126.328891677546
"개방화장실","서광서보건진료소","제주특별자치도 서귀포시 안덕면 중산간서로 2118 서광서보건진료소","1","0","0","",33.2842257139943,126.29915021684
"개방화장실","상창보건진료소","제주특별자치도 서귀포시 안덕면 한창로145번길 11 상창보건진료소","1","0","0","",33.27454,126.36253
"개방화장실","대평보건진료소","제주특별자치도 서귀포시 안덕면 대평감산로 19 대평보건진료소","1","0","0","",33.2363230636685,126.366314309113
"개방화장실","대정매일시장","제주특별자치도 서귀포시 대정읍 영서중로 12 대정매일시장","1","0","0","",33.2210702923165,126.25503010312
"개방화장실","대정읍사무소","제주특별자치도 서귀포시 대정읍 하모중앙로 20 대정읍사무소","1","0","0","",33.2265056540856,126.25191698728
"개방화장실","대정체육관 본관","제주특별자치도 서귀포시 대정읍 암반수마농로 419 대정체육관 본관","1","0","0","",33.2621008954087,126.234352120782
"개방화장실","대정체육관 야외","제주특별자치도 서귀포시 대정읍 암반수마농로 419 대정체육관 야외","1","0","0","",33.2621008954087,126.234352120782
"개방화장실","마라도 1","제주특별자치도 서귀포시 대정읍 마라로 34 마라도 1","1","0","0","",33.1207045188014,126.266906221965
"개방화장실","마라도 2","제주특별자치도 서귀포시 대정읍 마라로 129 마라도 2","1","0","0","",33.1140076427941,126.268038074764
"개방화장실","모슬포오일시장","제주특별자치도 서귀포시 대정읍 신영로36번길 69-11 모슬포오일시장","1","0","0","",33.2205672152026,126.247483135219
"개방화장실","모슬포토요시장","제주특별자치도 서귀포시 대정읍 최남단해안로30번길 16 모슬포토요시장","1","0","0","",33.2179503202447,126.250731569667
"개방화장실","무릉문화의집","제주특별자치도 서귀포시 대정읍 서삼중로 128 무릉문화의집","1","0","0","",33.2734604296115,126.198956286656
"개방화장실","송악산 숲길","제주특별자치도 서귀포시 대정읍 최남단해안로 536 송악산 숲길","1","0","0","",33.2038461692188,126.287987749709
"개방화장실","송악산주차장","제주특별자치도 서귀포시 대정읍 최남단해안로 571 송악산주차장","1","0","0","",33.206818881767,126.289183578481
"개방화장실","평화대공원","제주특별자치도 서귀포시 대정읍 비행장로 314 평화대공원","1","0","0","",33.2050317490604,126.277668884694
"개방화장실","하모체육공원","제주특별자치도 서귀포시 대정읍 하모리 2139 하모체육공원","1","0","0","",33.2190249115377,126.252388167864
"개방화장실","가파도","제주특별자치도 서귀포시 대정읍 가파리 533-1 가파도","1","0","0","",33.1642,126.27093
"개방화장실","운진항 버스회차지","제주특별자치도 서귀포시 대정읍 최남단해안로 120 운진항 버스회차지","1","0","0","",33.2105460728876,126.257605181651
"개방화장실","남원읍사무소","제주특별자치도 서귀포시 남원읍 태위로 695 남원읍사무소","1","0","0","",33.2798959047941,126.72067701087
"개방화장실","동부노인복지회관","제주특별자치도 서귀포시 남원읍 남한로 67 동부노인복지회관","1","0","0","",33.28432,126.71485
"개방화장실","은빌레펜션","제주특별자치도 서귀포시 남원읍 한신로 247-3 은빌레펜션","1","0","0","",33.3117525272957,126.71679866231
"개방화장실","혁신LH1단지상가동","제주특별자치도 서귀포시 서호남로 92-15 혁신LH1단지상가동","1","0","0","",33.2496038223265,126.523655529521
"개방화장실","강정천","제주특별자치도 서귀포시 말질로137번길 64-18 강정천","1","0","0","",33.256685679454,126.474742683093
"개방화장실","나드리마트","제주특별자치도 서귀포시 동홍중앙로 77 나드리마트","1","0","0","",33.2575149901532,126.571828909237
"개방화장실","속골","제주특별자치도 서귀포시 호근동 1645 속골","1","0","0","",33.2414252457487,126.526846915419
"개방화장실","선궷네","제주특별자치도 서귀포시 대포동 1213 선궷네","1","0","0","",33.2429393491992,126.447428163453
"개방화장실","중문색달해수욕장","제주특별자치도 중문색달해수욕장내","1","0","0","",33.245,126.40917
"개방화장실","돈내코산책로","제주특별자치도 서귀포시 돈내코로 137 돈내코산책로","1","0","0","",33.3005023955254,126.581950534184
"개방화장실","영천동주민센터","제주특별자치도 서귀포시 토평로 15 영천동주민센터","1","0","0","",33.2687602899898,126.586643654738
"개방화장실","영천동주민센터외부","제주특별자치도 서귀포시 토평로 15 영천동주민센터외부","1","0","0","",33.2687602899898,126.586643654738
"개방화장실","버스회차지","제주특별자치도 서귀포시 상효동 1122-6 버스회차지","1","0","0","",33.29979,126.60087
"개방화장실","산지물 야외","제주특별자치도 서귀포시 중산간동로 7971-1 산지물 야외","1","0","0","",33.26452,126.56499
"개방화장실","동홍동 행정 복지센터","제주특별자치도 서귀포시 동홍로 104 동홍동 행정 복지센터","1","0","0","",33.2578531473293,126.568919385851
"개방화장실","서홍동주민센터","제주특별자치도 서귀포시 중앙로 125 서홍동주민센터","1","0","0","",33.2560780119073,126.559984557634
"개방화장실","솜반천관리상황실","제주특별자치도 서귀포시 서홍로 64 솜반천관리상황실","1","0","0","",33.2535389161976,126.55355415841
"공중화장실","법환야외공연장 공용","제주특별자치도 서귀포시 막숙포로 61 법환야외공연장 공용","1","0","0","",33.23583,126.5151
"개방화장실","대륜동주민센터","제주특별자치도 서귀포시 일주동로 9185 대륜동주민센터","1","0","0","",33.2481874804834,126.511184247798
"개방화장실","대천동주민센터","제주특별자치도 서귀포시 도순로 44 대천동주민센터","1","0","0","",33.2507620647366,126.477539915646
"개방화장실","강정어촌계","제주특별자치도 서귀포시 말질로 281 강정어촌계","1","0","0","",33.2279820924312,126.47531201027
"개방화장실","중문동주민센터","제주특별자치도 서귀포시 1100로 30 중문동주민센터","1","0","0","",33.253331376733,126.433639068726
"개방화장실","대포항 공용","제주특별자치도 서귀포시 대포로 172-9 대포항 공용","1","0","0","",33.2383144467745,126.439445065483
"개방화장실","예래동주민센터","제주특별자치도 서귀포시 예래로 82 예래동주민센터","1","0","0","",33.25428,126.39783
"개방화장실","창천리 남당물","제주특별자치도 서귀포시 안덕면 일주서로 1407-12 창천리 남당물","1","0","0","",33.26031,126.36375
"개방화장실","표선면사무소","제주특별자치도 서귀포시 표선면 표선중앙로 74 표선면사무소","1","0","0","",33.3266880565902,126.831042653611
"개방화장실","올레 쉼터","제주특별자치도 서귀포시 표선면 일주동로5661번길 97 올레 쉼터","1","0","0","",33.33258,126.84349
"개방화장실","표선생활체육관","제주특별자치도 서귀포시 표선면 한마음초등로 399 표선생활체육관","1","0","0","",33.3545660283964,126.813866043091
"개방화장실","표선전천후게이트볼장","제주특별자치도 서귀포시 표선면 한마음초등로 396 표선전천후게이트볼장","1","0","0","",33.3531885347556,126.813390243234
"개방화장실","표선충혼묘지","제주특별자치도 서귀포시 표선면 성읍리 3147 표선충혼묘지","1","0","0","",33.4164669811226,126.761649063093
"개방화장실","표선공설묘지","제주특별자치도 서귀포시 표선면 서성일로189번길 313 표선공설묘지","1","0","0","",33.4300372196008,126.812056999654
"개방화장실","표선오일시장","제주특별자치도 서귀포시 표선면 표선동서로 203-1 표선오일시장","1","0","0","",33.322717197345,126.830382623505
"개방화장실","표선해수욕장","제주특별자치도 서귀포시 표선면 민속해안로 592 표선해수욕장","1","0","0","",33.32567,126.84243
"개방화장실","표선해수욕장","제주특별자치도 서귀포시 표선면 민속해안로 615 표선해수욕장","1","0","0","",33.32514,126.84017
"개방화장실","가시리체육공원","제주특별자치도 서귀포시 표선면 가시리 1226-2 가시리체육공원","1","0","0","",33.351881534429,126.775578222392
"개방화장실","표선면 복지관","제주특별자치도 서귀포시 표선면 표선중앙로 21 표선면 복지관","1","0","0","",33.3309101144684,126.830517227704
"개방화장실","표선면 다목적회관","제주특별자치도 서귀포시 표선면 표선동서로193번길 8-1 표선면 다목적회관","1","0","0","",33.3222722801548,126.82988183227
"개방화장실","솔오름전망대","제주특별자치도 서귀포시 동홍동 2149 솔오름전망대","1","0","0","",33.2909688605454,126.555012221366
"개방화장실","고근산","제주특별자치도 서귀포시 서호동 1286-1 고근산","1","0","0","",33.2663148202423,126.513794916301
"개방화장실","엉또폭포","제주특별자치도 서귀포시 엉또로 104 엉또폭포","1","0","0","",33.26724,126.49839
"개방화장실","악근천","제주특별자치도 서귀포시 중산간서로 188 악근천","1","0","0","",33.2564939456,126.489628025917
"개방화장실","베릿내","제주특별자치도 서귀포시 중문동 2631-2 베릿내","1","0","0","",33.24471,126.41953
"개방화장실","회수 미니수영장","제주특별자치도 서귀포시 회수동 355-1 회수 미니수영장","1","0","0","",33.2631968090168,126.447217145083
"개방화장실","군산","제주특별자치도 서귀포시 상예동 산 4 군산","1","0","0","",33.2538749162771,126.375265524297
"개방화장실","남원생활체육관 내부","제주특별자치도 서귀포시 남원읍 태위로 551-28 남원생활체육관 내부","1","0","0","",33.27803,126.70521
"개방화장실","남원생활체육관 외부","제주특별자치도 서귀포시 남원읍 태위로 551-28 남원생활체육관 외부","1","0","0","",33.2783,126.70493
"개방화장실","남원해안경승지","제주특별자치도 서귀포시 남원읍 태위로 522-17 남원해안경승지","1","0","0","",33.2733498193692,126.703711977934
"개방화장실","맹살체육공원","제주특별자치도 서귀포시 하효동 1459 맹살체육공원","1","0","0","",33.2625,126.62472
"개방화장실","충혼묘지","제주특별자치도 서귀포시 남원읍 남조로 973 충혼묘지","1","0","0","",33.3591180489091,126.692052896352
"개방화장실","남원읍 공설공원묘지","제주특별자치도 서귀포시 남원읍 서성로 955-24 남원읍 공설공원묘지","1","0","0","",33.33903,126.69469
"개방화장실","위미문화의 집","제주특별자치도 서귀포시 남원읍 태위로 105 위미문화의 집","1","0","0","",33.27498,126.65863
"개방화장실","남원청소년 문화의집","제주특별자치도 서귀포시 남원읍 남원체육관로221번길 16 남원청소년 문화의집","1","0","0","",33.2809667094964,126.7090917812
"개방화장실","남원읍다목적회관","제주특별자치도 서귀포시 남원읍 태위로723번길 3 남원읍다목적회관","1","0","0","",33.28069,126.72315
"개방화장실","이승이오름주차장","제주특별자치도 서귀포시 남원읍 신례천로 267-110 이승이오름주차장","1","0","0","",33.3147529951847,126.631089653449
"개방화장실","중문색달해수욕장","제주특별자치도 서귀포시 색달동","1","0","0","",33.24478,126.41354
"개방화장실","논짓물","제주특별자치도 서귀포시 예래해안로 253 논짓물","1","0","0","",33.236760384488,126.388551048173
"개방화장실","생태체험관","제주특별자치도 서귀포시 예래로 213 생태체험관","1","0","0","",33.24437,126.39099
"개방화장실","IUCN 약속의 숲","제주특별자치도 서귀포시 안덕면 신화역사로 540 IUCN 약속의 숲","1","0","0","",33.3078759738229,126.34379962005
"개방화장실","IUCN 나눔의 숲","제주특별자치도 서귀포시 안덕면 동광리 786-1 IUCN 나눔의 숲","1","0","0","",33.3048631798915,126.341315876011
"개방화장실","표선면 공영주차빌딩","제주특별자치도 서귀포시 표선면 표선중앙로 74-1 표선면 공영주차빌딩","1","0","0","",33.32626,126.83177
"개방화장실","송산동주민센터","제주특별자치도 서귀포시 소암로 4 송산동주민센터","1","0","0","",33.2450329228883,126.566006099678
"개방화장실","정방동주민센터","제주특별자치도 서귀포시 태평로421번길 7 정방동주민센터","1","0","0","",33.2458603558134,126.565104422742
"개방화장실","샛기정공원","제주특별자치도 서귀포시 태평로 388 샛기정공원","1","0","0","",33.2442048211372,126.561750889266
"개방화장실","정모시쉼터 2","제주특별자치도 서귀포시 태평로482번길 31 정모시쉼터 2","1","0","0","",33.2463398239635,126.571567505597
"개방화장실","태흥포구 올레4길","제주특별자치도 서귀포시 남원읍 태흥리 1177 태흥포구 올레4길","1","0","0","",33.28048,126.7368
"개방화장실","서귀포학생문화원","제주특별자치도 서귀포시 중앙로150번길 4-1 서귀포학생문화원","1","0","0","",33.2586197088058,126.561952268777
"개방화장실","국립농산물품질관리원 제주지원 서귀포사무소","제주특별자치도 서귀포시 신효중앙로 17 국립농산물품질관리원 제주지원 서귀포사무소","1","0","0","",33.26558,126.61363
"개방화장실","거린사슴전망대","제주특별자치도 서귀포시 1100로 791 거린사슴전망대","1","0","0","",33.306580224888,126.451662119214
"개방화장실","서홍동 생태놀이터 아이뜨락","제주특별자치도 서귀포시 중산간동로 8078 서홍동 생태놀이터 아이뜨락","1","0","0","",33.2645071384491,126.553554710779
"개방화장실","삼매봉","제주특별자치도 서귀포시 호근동 321 삼매봉","1","0","0","",33.2439278053504,126.545931158195
"개방화장실","서귀포도립해양공원","제주특별자치도 서귀포시 남성중로 41 서귀포도립해양공원","1","0","0","",33.24015,126.55859
"개방화장실","물영아리오름","제주특별자치도 서귀포시 남원읍 수망리 산 188 물영아리오름","1","0","0","",33.368394654095674,126.6920637359719
"개방화장실","송악산 부남코지","제주특별자치도 서귀포시 대정읍 최남단해안로 548-88 송악산 부남코지","1","0","0","",33.1989387934102,126.293359507929
"개방화장실","설문대공원","제주특별자치도 서귀포시 서호북로 23 설문대공원","1","0","0","",33.2593735510981,126.516659617232
"개방화장실","바람모루공원","제주특별자치도 서귀포시 서호남로 19-40 바람모루공원","1","0","0","",33.2524788563855,126.517554132516
"개방화장실","숨골공원","제주특별자치도 서귀포시 일주동로 9146 숨골공원","1","0","0","",33.2493023093151,126.516271781428
"개방화장실","삼다체육공원","제주특별자치도 서귀포시 서호남로 19-30 삼다체육공원","1","0","0","",33.2518564865215,126.516654647868
"개방화장실","감귤길공원","제주특별자치도 서귀포시 서호중로 31-22 감귤길공원","1","0","0","",33.2566356174494,126.517086678678
"개방화장실","강정1호공원","제주특별자치도 서귀포시 신서로 39 강정1호공원","1","0","0","",33.2537148943038,126.504256743808
"개방화장실","토평공원","제주특별자치도 서귀포시 토평동 2227-1 토평공원","1","0","0","",33.26771282525582,126.585060862674
"개방화장실","문화공원","제주특별자치도 서귀포시 일주서로 2 문화공원","1","0","0","",33.24973,126.50796
"개방화장실","미래1공원","제주특별자치도 서귀포시 신북로24번길 12 미래1공원","1","0","0","",33.2591725783766,126.512801220243
"개방화장실","걸매공원","제주특별자치도 서귀포시 서홍로 40 걸매공원","1","0","0","",33.25097,126.55371
"개방화장실","문화1공원","제주특별자치도 서귀포시 신서로102번길 27 문화1공원","1","0","0","",33.2597535347542,126.508800346904
"개방화장실","동광공원","제주특별자치도 서귀포시 동홍동로32번길 14 동광공원","1","0","0","",33.2575188839199,126.576599992569
"개방화장실","칠십리공원","제주특별자치도 서귀포시 남성중로 170 칠십리공원","1","0","0","",33.24683,126.55327
"개방화장실","칠십리공원","제주특별자치도 서귀포시 남성중로 102 칠십리공원","1","0","0","",33.2435974697981,126.558001747324
"개방화장실","삼매봉공원","제주특별자치도 서귀포시 남성로 65 삼매봉공원","1","0","0","",33.24153,126.54747
"개방화장실","태평공원","제주특별자치도 서귀포시 동홍중앙로7번길 19 태평공원","1","0","0","",33.2505529949411,126.570321806197
"개방화장실","영어교육도시 1호 근린공원","제주특별자치도 서귀포시 대정읍 구억리 1107 영어교육도시 1호 근린공원","1","0","0","",33.29778,126.28361
"개방화장실","영어교육도시 2호 근린공원","제주특별자치도 서귀포시 대정읍 구억리 1144 영어교육도시 2호 근린공원","1","0","0","",33.28556,126.28417
"개방화장실","자구리공원","제주특별자치도 서귀포시 칠십리로 120-8 자구리공원","1","0","0","",33.242131215646,126.567692681672
"개방화장실","치유의 숲 방문자센터","제주특별자치도 서귀포시 산록남로 2271 치유의 숲 방문자센터","1","0","0","",33.2919386189088,126.527902264226
"개방화장실","치유의 숲 중간","제주특별자치도 서귀포시 산록남로 2271 치유의 숲 중간","1","0","0","",33.2919386189088,126.527902264226
"개방화장실","치유의 숲 힐링센터","제주특별자치도 서귀포시 산록남로 2271 치유의 숲 힐링센터","1","0","0","",33.2919386189088,126.527902264226
"개방화장실","치유의 숲 주차장","제주특별자치도 서귀포시 산록남로 2271 치유의 숲 주차장","1","0","0","",33.2919386189088,126.527902264226
"개방화장실","대청공원","제주특별자치도 서귀포시 신서로 38 대청공원","1","0","0","",33.2534051081422,126.505165490995
"개방화장실","치유의 숲 쉼팡3","제주특별자치도 서귀포시 산록남로 2271 치유의 숲 쉼팡3","1","0","0","",33.2919386189088,126.527902264226
"개방화장실","붉은오름자연휴양림1","제주특별자치도 서귀포시 표선면 남조로 1487-73 붉은오름자연휴양림1","1","0","0","",33.40149,126.67565
"개방화장실","붉은오름자연휴양림2","제주특별자치도 서귀포시 표선면 남조로 1487-73 붉은오름자연휴양림2","1","0","0","",33.40149,126.67565
"개방화장실","붉은오름자연휴양림3","제주특별자치도 서귀포시 표선면 남조로 1487-73 붉은오름자연휴양림3","1","0","0","",33.40149,126.67565
"개방화장실","천지동 주민센터","제주특별자치도 서귀포시 중정로47번길 3 천지동 주민센터","1","0","0","",33.2477615333534,126.561176761848
"개방화장실","천지공원","제주특별자치도 서귀포시 서문서로 43 천지공원","1","0","0","",33.2511839845518,126.558514054531
"개방화장실","샛기정공원","제주특별자치도 서귀포시 태평로 330 샛기정공원","1","0","0","",33.2468224540778,126.556490986379
"개방화장실","효돈동주민센터","제주특별자치도 서귀포시 남선동산로 26 효돈동주민센터","1","0","0","",33.263199875683,126.615541979298
"개방화장실","쇠소깍 공영주차장","제주특별자치도 서귀포시 쇠소깍로 104 쇠소깍 공영주차장","1","0","0","",33.25403,126.62242
"개방화장실","쇠소깍 안내소","제주특별자치도 서귀포시 쇠소깍로 142 쇠소깍 안내소","1","0","0","",33.25142,126.62225
"개방화장실","쇠소깍","제주특별자치도 서귀포시 쇠소깍로 128","1","0","0","",33.25228,126.62296
"개방화장실","하효항","제주특별자치도 서귀포시 쇠소깍로 151-1 하효항","1","0","0","",33.2506,126.62088
"개방화장실","돈내코휴게소","제주특별자치도 서귀포시 돈내코로 120 돈내코휴게소","1","0","0","",33.30021,126.58444
"개방화장실","붉은오름자연휴양림4","제주특별자치도 서귀포시 표선면 남조로 1487-73 붉은오름자연휴양림4","1","0","0","",33.40149,126.67565
"개방화장실","한라산둘레길안내센터","제주특별자치도 서귀포시 표선면 남조로 1487-73 한라산둘레길안내센터","1","0","0","",33.40149,126.67565
"개방화장실","서귀포자연휴양림1","제주특별자치도 서귀포시 1100로 882 서귀포자연휴양림1","1","0","0","",33.3107804230256,126.459776529173
"개방화장실","서귀포자연휴양림2","제주특별자치도 서귀포시 1100로 882 서귀포자연휴양림2","1","0","0","",33.3107804230256,126.459776529173
"개방화장실","서귀포자연휴양림3","제주특별자치도 서귀포시 1100로 882 서귀포자연휴양림3","1","0","0","",33.3107804230256,126.459776529173
"개방화장실","서귀포자연휴양림","제주특별자치도 서귀포시 1100로 882 서귀포자연휴양림","1","0","0","",33.3107804230256,126.459776529173
"개방화장실","서귀포시청 제1청사 본관","제주특별자치도 서귀포시 중앙로 105 서귀포시청 제1청사 본관","1","0","0","",33.2539547145487,126.559588270998
"개방화장실","서귀포시청 제1청사 별관","제주특별자치도 서귀포시 중앙로 105 서귀포시청 제1청사 별관","1","0","0","",33.2539547145487,126.559588270998
"개방화장실","서귀포시청 제2청사 본관","제주특별자치도 서귀포시 신중로 55 서귀포시청 제2청사 본관","1","0","0","",33.2555817572486,126.510527414272
"개방화장실","서귀포시청 제2청사 별관","제주특별자치도 서귀포시 신중로 55 서귀포시청 제2청사 별관","1","0","0","",33.2555817572486,126.510527414272
"개방화장실","서귀포시평생학습관","제주특별자치도 서귀포시 서문로29번길 10 서귀포시평생학습관","1","0","0","",33.2493042817324,126.558543787185
"개방화장실","서귀포시자기주도학습지원센터","제주특별자치도 서귀포시 동홍중앙로7번길 19 서귀포시자기주도학습지원센터","1","0","0","",33.2512952220105,126.570323217299
"개방화장실","서귀포종합사회복지관","제주특별자치도 서귀포시 태평로512번길 9 서귀포종합사회복지관","1","0","0","",33.2499541133553,126.574222585976
"개방화장실","동부종합사회복지관","제주특별자치도 서귀포시 성산읍 일출로 14-11 동부종합사회복지관","1","0","0","",33.4466837385615,126.913200743261
"개방화장실","서귀포시서부종합사회복지관","제주특별자치도 서귀포시 대정읍 신영로 23 서귀포시서부종합사회복지관","1","0","0","",33.2239028744,126.247879055951
"개방화장실","서귀포시노인복지회관","제주특별자치도 서귀포시 태평로537번길 40-9 서귀포시노인복지회관","1","0","0","",33.2539880561078,126.570696041568
"개방화장실","서귀포시청소년수련관","제주특별자치도 서귀포시 중산간서로 97-1 서귀포시청소년수련관","1","0","0","",33.2605367486343,126.498448566227
"개방화장실","대정청소년수련관","제주특별자치도 서귀포시 대정읍 동일하모로149번길 21-8 대정청소년수련관","1","0","0","",33.2278859250662,126.247729104957
"개방화장실","동홍청소년문화의집","제주특별자치도 서귀포시 중산간동로 7950 동홍청소년문화의집","1","0","0","",33.266285082062,126.567048886424
"개방화장실","중문청소년문화의집","제주특별자치도 서귀포시 천제연로185번길 11-1 중문청소년문화의집","1","0","0","",33.2530810951189,126.424391896577
"개방화장실","송산청소년문화의집","제주특별자치도 서귀포시 소암로 4 송산청소년문화의집","1","0","0","",33.2450329228883,126.566006099678
"개방화장실","신산청소년문화의집","제주특별자치도 서귀포시 성산읍 일주동로 5101-1 신산청소년문화의집","1","0","0","",33.3812644154402,126.877291306019
"개방화장실","표선청소년문화의집","제주특별자치도 서귀포시 표선면 표선중앙로 13 표선청소년문화의집","1","0","0","",33.3315725165432,126.830433884802
"개방화장실","쏠레민박","제주특별자치도 서귀포시 성산읍 성산등용로 96-1 쏠레민박","1","0","0","",33.4701270062375,126.930120188325
"개방화장실","오조리사무소","제주특별자치도 서귀포시 성산읍 오조로 85 오조리사무소","1","0","0","",33.4614858174789,126.914987020073
"개방화장실","보석암","제주특별자치도 서귀포시 성산읍 일주동로 4832-16 보석암","1","0","0","",33.39928,126.89337
"개방화장실","고정화할망집","제주특별자치도 서귀포시 성산읍 난산로41번길 74-1 고정화할망집","1","0","0","",33.3979644200079,126.864737461714
"개방화장실","신천리해녀탈의장","제주특별자치도 서귀포시 성산읍 신천동로 130 신천리해녀탈의장","1","0","0","",33.349451048223,126.86359469533
"개방화장실","안덕청소년문화의집","제주특별자치도 서귀포시 안덕면 화순로56번길 20 안덕청소년문화의집","1","0","0","",33.2494161268031,126.33700212542
"개방화장실","모구리야영장","제주특별자치도 서귀포시 성산읍 서성일로 260 모구리야영장","1","0","0","",33.4066281682593,126.822158983854
"개방화장실","남원청소년문화의집","제주특별자치도 서귀포시 남원읍 남원체육관로221번길 16 남원청소년문화의집","1","0","0","",33.2809667094964,126.7090917812
"개방화장실","예래청소년문화의집","제주특별자치도 서귀포시 열리로 80 예래청소년문화의집","1","0","0","",33.2470278822994,126.39026197134
"개방화장실","하효청소년문화의집","제주특별자치도 서귀포시 하효중앙로 132 하효청소년문화의집","1","0","0","",33.2620194620688,126.618910754421
"개방화장실","법환청소년문화의집","제주특별자치도 서귀포시 막숙포로 70-1 법환청소년문화의집","1","0","0","",33.2355497913755,126.514127587126
"개방화장실","강정청소년문화의집","제주특별자치도 서귀포시 강정통물로 112 강정청소년문화의집","1","0","0","",33.2371881481882,126.477685789357
"개방화장실","서귀포시가족센터","제주특별자치도 서귀포시 서호남로 12 서귀포시가족센터","1","0","0","",33.2499174046787,126.513199722308
"개방화장실","서복전시관","제주특별자치도 서귀포시 칠십리로 156-8 서복전시관","1","0","0","",33.2448092310988,126.570657115757
"개방화장실","서복전시관 주차장","제주특별자치도 서귀포시 칠십리로 156-13 서복전시관 주차장","1","0","0","",33.2452405044108,126.571212655965
"개방화장실","김정문화회관","제주특별자치도 서귀포시 김정문화로 36 김정문화회관","1","0","0","",33.2510685277107,126.508663942526
"개방화장실","1코스 안내소","제주특별자치도 서귀포시 성산읍 시흥상동로53번길 88-46 1코스 안내소","1","0","0","",33.4746441391898,126.885981281367
"개방화장실","시흥초 인근","제주특별자치도 서귀포시 성산읍 시흥상동로 102 시흥초 인근","1","0","0","",33.477604631976,126.896107421224
"개방화장실","대수산봉","제주특별자치도 서귀포시 성산읍 고성리 2039-1 대수산봉","1","0","0","",33.4382885997475,126.90361651626
"개방화장실","독자봉","제주특별자치도 서귀포시 성산읍 신산리 1785 독자봉","1","0","0","",33.3878622175382,126.854291951602
"개방화장실","망오름 인근","제주특별자치도 서귀포시 표선면 토산리 산 23 망오름 인근","1","0","0","",33.3221631532648,126.768455595612
"개방화장실","민속촌주차장","제주특별자치도 서귀포시 표선면 민속해안로 631-46 민속촌주차장","1","0","0","",33.324269222579,126.84318683206
"개방화장실","5코스 안내소","제주특별자치도 서귀포시 남원읍 남태해안로 140 5코스 안내소","1","0","0","",33.277808778528,126.719663259418
"개방화장실","소라의성","제주특별자치도 서귀포시 칠십리로214번길 17-17 소라의성","1","0","0","",33.2451792025445,126.576955113805
"개방화장실","돔베낭골","제주특별자치도 서귀포시 태평로92번길 49 돔베낭골","1","0","0","",33.2401695155881,126.531842818277
"개방화장실","월평아왜낭목","제주특별자치도 서귀포시 월평하원로 17 월평아왜낭목","1","0","0","",33.2433871858277,126.459119651793
"개방화장실","서건도인근","제주특별자치도 서귀포시 강정동 2520 서건도인근","1","0","0","",33.2333154683182,126.496556557539
"개방화장실","광명사","제주특별자치도 서귀포시 중문상로17번길 71 광명사","1","0","0","",33.2489172948946,126.418091279229
"개방화장실","황개천 옆","제주특별자치도 서귀포시 안덕면 감산리 1903 황개천 옆","1","0","0","",33.2393743858729,126.344405632015
"개방화장실","신도연못 옆","제주특별자치도 서귀포시 대정읍 신도리 3138 신도연못 옆","1","0","0","",33.2805529185007,126.177957860895
"개방화장실","목화휴게소","제주특별자치도 서귀포시 성산읍 해맞이해안로 2526 목화휴게소","1","0","0","",33.4817819040245,126.901679672931
"개방화장실","충남식당","제주특별자치도 서귀포시 성산읍 성산등용로 94 충남식당","1","0","0","",33.46984,126.92998
"개방화장실","제주스타치","제주특별자치도 서귀포시 표선면 일주동로5661번길 58 제주스타치","1","0","0","",33.3354528046748,126.846483512444
"개방화장실","다미진횟집","제주특별자치도 서귀포시 표선면 민속해안로 578-1 다미진횟집","1","0","0","",33.3250981621773,126.844032203169
"개방화장실","와하하게스트하우스","제주특별자치도 서귀포시 표선면 민속해안로 317 와하하게스트하우스","1","0","0","",33.3101079700755,126.830824974705
"개방화장실","토산2리사무소","제주특별자치도 서귀포시 표선면 토산중앙로16번길 1 토산2리사무소","1","0","0","",33.3088749689604,126.77972071423
"개방화장실","토산2리게이트볼장","제주특별자치도 서귀포시 표선면 토산리 427-4 토산2리게이트볼장","1","0","0","",33.3070575296038,126.781904854483
"개방화장실","남원적십자봉사회","제주특별자치도 서귀포시 남원읍 남태해안로 65 남원적십자봉사회","1","0","0","",33.276498297179,126.713277011788
"개방화장실","중앙식육식당","제주특별자치도 서귀포시 남원읍 태위로 138 중앙식육식당","1","0","0","",33.2747954254047,126.662178168902
"개방화장실","신례2리마을회관","제주특별자치도 서귀포시 남원읍 공천포로 69-1 신례2리마을회관","1","0","0","",33.2650958496056,126.640785801617
"개방화장실","위미1리 복지회관","제주특별자치도 서귀포시 남원읍 위미해안로 4-3 위미1리 복지회관","1","0","0","",33.2737986348881,126.657190817927
"개방화장실","태흥2리 축구장","제주특별자치도 서귀포시 남원읍 남태해안로 502 태흥2리 축구장","1","0","0","",33.28647,126.74985
"개방화장실","태흥3리 마을회관","제주특별자치도 서귀포시 남원읍 삼덕로 3 태흥3리 마을회관","1","0","0","",33.2935918060557,126.758473527596
"개방화장실","동백꽃필무렵","제주특별자치도 서귀포시 남원읍 위미중앙로300번길 8 동백꽃필무렵","1","0","0","",33.27298,126.67422
"개방화장실","멧돌뚝배기","제주특별자치도 서귀포시 보목동 70 멧돌뚝배기","1","0","0","",33.2518548846809,126.605370679073
"개방화장실","켄싱턴리조트","제주특별자치도 서귀포시 이어도로 684 켄싱턴리조트","1","0","0","",33.2336794657051,126.489040381289
"개방화장실","강정크루즈터미널 주민 편익시설","제주특별자치도 서귀포시 말질로 259 강정크루즈터미널 주민 편익시설","1","0","0","",33.228273430616,126.476965934132
"개방화장실","동산위의 교회","제주특별자치도 서귀포시 엉또로 109 동산위의 교회","1","0","0","",33.2666654032841,126.497810569858
"개방화장실","제남아동센터","제주특별자치도 서귀포시 서호호근로 183-11 제남아동센터","1","0","0","",33.2633634098014,126.521035454025
"개방화장실","서호새마을금고","제주특별자치도 서귀포시 서호로 33 서호새마을금고","1","0","0","",33.2569984796666,126.522750758411
"개방화장실","토계촌","제주특별자치도 서귀포시 일주동로 8884 토계촌","1","0","0","",33.2549553182505,126.539884086907
"개방화장실","봉림사","제주특별자치도 서귀포시 태평로205번길 87 봉림사","1","0","0","",33.2509992116399,126.539461742188
"개방화장실","대포 해송횟집","제주특별자치도 서귀포시 이어도로 200-7 대포 해송횟집","1","0","0","",33.2390286027074,126.442731095677
"개방화장실","GS25중문버자야점","제주특별자치도 서귀포시 예래로 36 GS25중문버자야점","1","0","0","",33.2565942710422,126.401887789838
"개방화장실","마라도유람선","제주특별자치도 서귀포시 대정읍 송악관광로 424 마라도유람선","1","0","0","",33.2073983137588,126.290519781235
"개방화장실","모슬포낚시편의점","제주특별자치도 서귀포시 대정읍 최남단해안로125번길 3 모슬포낚시편의점","1","0","0","",33.2116752323334,126.257027069796
"개방화장실","정난주마리아묘","제주특별자치도 서귀포시 대정읍 추사로247번길 102 정난주마리아묘","1","0","0","",33.2535554629499,126.260771620886
"개방화장실","신평편의점","제주특별자치도 서귀포시 대정읍 중산간서로 2634 신평편의점","1","0","0","",33.26609,126.25724
"개방화장실","강쉐프의 키친","제주특별자치도 서귀포시 대정읍 대한로 558 강쉐프의 키친","1","0","0","",33.2763284456707,126.244243820636
"개방화장실","천지연주차장","제주특별자치도 서귀포시 남성중로 2-9 천지연주차장","1","0","0","",33.24383,126.55983
"개방화장실","천지연산책로","제주특별자치도 서귀포시 서귀동 808-1 천지연산책로","1","0","0","",33.24638,126.5559
"개방화장실","천지연매표소","제주특별자치도 서귀포시 남성중로 2-15 천지연매표소","1","0","0","",33.2447168409268,126.559551124451
"개방화장실","주상절리대","제주특별자치도 서귀포시 이어도로 36-30 주상절리대","1","0","0","",33.2379943545484,126.426017654679
"개방화장실","정방폭포","제주특별자치도 서귀포시 칠십리로214번길 35-1 정방폭포","1","0","0","",33.24483,126.57383
"개방화장실","천제연","제주특별자치도 서귀포시 천제연로 132","1","0","0","",33.2526754970693,126.418374242413
"개방화장실","감귤박물관 뮤지엄숍","제주특별자치도 서귀포시 효돈순환로 441 감귤박물관 뮤지엄숍","1","0","0","",33.271593041773,126.607428496419
"개방화장실","감귤박물관","제주특별자치도 서귀포시 효돈순환로 441 감귤박물관","2","0","0","",33.271593041773,126.607428496419
"개방화장실","강정체육공원","제주특별자치도 서귀포시 이어도로 669 강정체육공원","1","0","0","",33.2346581785803,126.487176772257
"개방화장실","옵데강편의음식점","제주특별자치도 서귀포시 대정읍 중산간서로 2863 옵데강편의음식점","1","0","0","",33.274380659516,126.235712006724
"개방화장실","평지교회","제주특별자치도 서귀포시 대정읍 무영로228번길 8-8 평지교회","1","0","0","",33.2806513647641,126.222388840852
"개방화장실","노을과어울림","제주특별자치도 서귀포시 대정읍 노을해안로 638 노을과어울림","1","0","0","",33.2707382418882,126.175936084315
"개방화장실","공천포전지훈련센터","제주특별자치도 서귀포시 남원읍 신례로 96 공천포전지훈련센터","1","0","0","",33.27683196104,126.640923230323
"개방화장실","효돈축구공원","제주특별자치도 서귀포시 효돈순환로 311-29 효돈축구공원","1","0","0","",33.2583645569269,126.61036906105
"개방화장실","서귀포시동홍생활체육관","제주특별자치도 서귀포시 중앙로 140 서귀포시동홍생활체육관","1","0","0","",33.25722,126.56333
"개방화장실","걸매축구장 2","제주특별자치도 서귀포시 서홍로 4-26 걸매축구장 2","1","0","0","",33.2491966387867,126.554501437543
"개방화장실","월드컵경기장 입구","제주특별자치도 서귀포시 월드컵로 33 월드컵경기장 입구","1","0","0","",33.2462193733057,126.509275340644
"개방화장실","제주월드컵경기장","제주특별자치도 서귀포시 월드컵로 33 제주월드컵경기장","1","0","0","",33.2462193733057,126.509275340644
"개방화장실","강창학종합경기장","제주특별자치도 서귀포시 중산간서로 95 강창학종합경기장","1","0","0","",33.2598740836071,126.501775286788
"개방화장실","강창학종합경기장 인라인경기장","제주특별자치도 서귀포시 중산간서로 95 강창학종합경기장 인라인경기장","1","0","0","",33.2598740836071,126.501775286788
"개방화장실","88체육관","제주특별자치도 서귀포시 중산간서로 97 88체육관","1","0","0","",33.2611800864582,126.499507261144
"공중화장실","중앙공영주차빌딩","제주특별자치도 서귀포시 중앙로54번길 17 중앙공영주차빌딩","1","0","0","",33.249900309788,126.562256748034
"공중화장실","천지공영주차빌딩","제주특별자치도 서귀포시 서문로 16 천지공영주차빌딩","1","0","0","",33.25153,126.55932
"공중화장실","중앙로터리공영주차빌딩","제주특별자치도 서귀포시 서문로 7 중앙로터리공영주차빌딩","1","0","0","",33.25182,126.56042
"공중화장실","정방공영주차빌딩","제주특별자치도 서귀포시 태평로431번길 23 정방공영주차빌딩","1","0","0","",33.24775,126.56581
"공중화장실","홍로공영주차빌딩","제주특별자치도 서귀포시 장수로 57 홍로공영주차빌딩","1","0","0","",33.25593,126.56126
"공중화장실","아랑조을거리 공영주차빌딩","제주특별자치도 서귀포시 중정로 35 아랑조을거리 공영주차빌딩","1","0","0","",33.2478025050274,126.560344942436
"공중화장실","쇠소깍 공영","제주특별자치도 서귀포시 쇠소깍로 104 쇠소깍 공영","1","0","0","",33.25408,126.6223
"공중화장실","동홍1공영주차빌딩","제주특별자치도 서귀포시 중동로 69-3 동홍1공영주차빌딩","1","0","0","",33.250404662187,126.568832663021
"개방화장실","서귀포보건소","제주특별자치도 서귀포시 중앙로101번길 52 서귀포보건소","1","0","0","",33.2534812704393,126.555357293521
"개방화장실","중문보건지소","제주특별자치도 서귀포시 천제연로 277 중문보건지소","1","0","0","",33.2513887571864,126.43469303138
"개방화장실","강정보건지소","제주특별자치도 서귀포시 강정통물로 125-11 강정보건지소","1","0","0","",33.2376001635895,126.477228313589
"개방화장실","혁신도시건강생활지원센터","제주특별자치도 서귀포시 서호남로 12 혁신도시건강생활지원센터","1","0","0","",33.2498651980635,126.513406471101
"개방화장실","동부보건소","제주특별자치도 서귀포시 남원읍 태위로 527 동부보건소","1","0","0","",33.27559,126.70344
"개방화장실","표선보건지소","제주특별자치도 서귀포시 표선면 표선중앙로 17 표선보건지소","1","0","0","",33.3311299451942,126.830263318618
"개방화장실","성산보건지소","제주특별자치도 서귀포시 성산읍 고성오조로 42 성산보건지소","1","0","0","",33.4465549418563,126.915747773014
"개방화장실","신례보건진료소","제주특별자치도 서귀포시 남원읍 신례중앙로 36-3 신례보건진료소","1","0","0","",33.2879533683098,126.62624042298
"개방화장실","한남보건진료소","제주특별자치도 서귀포시 남원읍 남한로420번길 13 한남보건진료소","1","0","0","",33.3116445222182,126.697558704524
"개방화장실","감귤박물관 쿠키머핀체험장","제주특별자치도 서귀포시 효돈순환로 441 감귤박물관 쿠키머핀체험장","1","0","0","",33.271593041773,126.607428496419
"개방화장실","감귤박물관 족욕체험장","제주특별자치도 서귀포시 효돈순환로 441 감귤박물관 족욕체험장","1","0","0","",33.271593041773,126.607428496419
"개방화장실","감귤박물관 야외","제주특별자치도 서귀포시 효돈순환로 441 감귤박물관 야외","1","0","0","",33.27159,126.60742
"개방화장실","중문단지축구장","제주특별자치도 서귀포시 대포동 2499 중문단지축구장","1","0","0","",33.23472,126.43361
"개방화장실","하용머리","제주특별자치도 서귀포시 안덕면 사계리 116-5 하용머리","1","0","0","",33.2334257572054,126.312764221181
"개방화장실","산방산","제주특별자치도 서귀포시 안덕면 사계리 187-3 산방산","1","0","0","",33.23667,126.31165
"개방화장실","창작스튜디오","제주특별자치도 서귀포시 이중섭로 33 창작스튜디오","1","0","0","",33.24518,126.5645
"개방화장실","기당미술관","제주특별자치도 서귀포시 남성중로153번길 15 기당미술관","1","0","0","",33.244797232858,126.551193443402
"개방화장실","이중섭미술관","제주특별자치도 서귀포시 이중섭로 27-3 이중섭미술관","1","0","0","",33.2458616256484,126.564874573921
"개방화장실","소암기념관","제주특별자치도 서귀포시 소암로 15 소암기념관","1","0","0","",33.2451235976916,126.567421177926
"공중화장실","매일시장주차장","제주특별자치도 서귀포시 중앙로42번길 25-5 매일시장주차장","1","0","0","",33.25014,126.56323
"공중화장실","매일시장주차장","제주특별자치도 서귀포시 중앙로62번길 18 매일시장주차장","1","0","0","",33.2501694464541,126.563411006295
"개방화장실","서귀포오일시장 사무실","제주특별자치도 서귀포시 토평서로11번길 150 서귀포오일시장 사무실","1","0","0","",33.2665213365088,126.573290349854
"공중화장실","서귀포오일시장 4","제주특별자치도 서귀포시 토평서로11번길 150 서귀포오일시장 4","1","0","0","",33.2665213365088,126.573290349854
"공중화장실","서귀포오일시장 3","제주특별자치도 서귀포시 토평서로11번길 150 서귀포오일시장 3","1","0","0","",33.2665213365088,126.573290349854
"공중화장실","서귀포오일시장 2","제주특별자치도 서귀포시 토평서로11번길 150 서귀포오일시장 2","1","0","0","",33.2665213365088,126.573290349854
"공중화장실","서귀포오일시장 1","제주특별자치도 서귀포시 토평서로11번길 150 서귀포오일시장 1","1","0","0","",33.2665213365088,126.573290349854
"공중화장실","중문오일시장","제주특별자치도 서귀포시 천제연로188번길 12 중문오일시장","1","0","0","",33.2505828963154,126.423947496672
"개방화장실","용머리주차장","제주특별자치도 서귀포시 안덕면 사계남로216번길 24-8 용머리주차장","1","0","0","",33.2335289087772,126.31136333413
"개방화장실","의귀보건진료소","제주특별자치도 서귀포시 남원읍 한신로 201 의귀보건진료소","1","0","0","",33.31021,126.71278
"개방화장실","신흥보건진료소","제주특별자치도 서귀포시 남원읍 중산간동로 5774 신흥보건진료소","1","0","0","",33.3198428495036,126.747906267341
"개방화장실","토산보건진료소","제주특별자치도 서귀포시 표선면 중산간동로 5561 토산보건진료소","1","0","0","",33.3262355478195,126.767017237263
"개방화장실","국민체육센터","제주특별자치도 서귀포시 중문관광로 346 국민체육센터","1","0","0","",33.2509474673,126.432152026519
"개방화장실","서귀포시혁신도시국민체육센터","제주특별자치도 서귀포시 서호남로 19-30 서귀포시혁신도시국민체육센터","1","0","0","",33.2525461360687,126.516189522514
"개방화장실","서귀포예술의전당","제주특별자치도 서귀포시 태평로 270 서귀포예술의전당","1","0","0","",33.2463334208179,126.550791145404
"개방화장실","삼매봉도서관","제주특별자치도 서귀포시 남성중로153번길 15 삼매봉도서관","1","0","0","",33.244797232858,126.551193443402
"개방화장실","표선도서관","제주특별자치도 서귀포시 표선면 표선백사로110번길 17-10 표선도서관","1","0","0","",33.3237750711332,126.83849598152
"개방화장실","서귀포기적의도서관","제주특별자치도 서귀포시 일주동로 8593 서귀포기적의도서관","1","0","0","",33.2543151596804,126.569989180028
"개방화장실","동부도서관","제주특별자치도 서귀포시 일주동로 8232 동부도서관","1","0","0","",33.2617578030234,126.608318090194
"개방화장실","안덕산방도서관","제주특별자치도 서귀포시 안덕면 화순서서로 44 안덕산방도서관","1","0","0","",33.2550531789624,126.330650983001
"개방화장실","성산일출도서관","제주특별자치도 서귀포시 성산읍 고성오조로 133 성산일출도서관","1","0","0","",33.4552735634908,126.912297061727
"개방화장실","중앙도서관","제주특별자치도 서귀포시 김정문화로 32 중앙도서관","1","0","0","",33.2514162160952,126.507620560845
"개방화장실","서부도서관","제주특별자치도 서귀포시 중문관광로 346 서부도서관","1","0","0","",33.2509474673,126.432152026519
"개방화장실","위미3리 태웃개","제주특별자치도 서귀포시 남원읍 위미리 69-3 위미3리 태웃개","1","0","0","",33.27024,126.69179
"개방화장실","성산생활체육관","제주특별자치도 서귀포시 성산읍 일주동로 4024 성산생활체육관","1","0","0","",33.4667461512221,126.904560308325
"개방화장실","일출고성운동장","제주특별자치도 서귀포시 성산읍 서성일로1222번길 36 일출고성운동장","1","0","0","",33.4448492942012,126.912014161463
"개방화장실","고성오일시장","제주특별자치도 서귀포시 성산읍 고성오조로 93 고성오일시장","1","0","0","",33.4518623235972,126.912814725435
"개방화장실","신양섭지코지해변","제주특별자치도 서귀포시 성산읍 신양로122번길 16 신양섭지코지해변","1","0","0","",33.4355914203449,126.92194485961
"개방화장실","섭지코지","제주특별자치도 서귀포시 성산읍 섭지코지로 262","1","0","0","",33.4236334564484,126.929731242321
"개방화장실","애월읍","제주특별자치도 제주시 애월읍 일주서로 6322","1","0","0","",33.4621497342952,126.329184503909
"개방화장실","애월읍 주민자치센터","제주특별자치도 제주시 애월읍 하귀로21길 30 애월읍 주민자치센터","1","0","0","",33.4796335167021,126.40332494338
"개방화장실","제주특별자치도 제주시 구좌읍","제주특별자치도 제주시 구좌읍 일주동로 3116","1","0","0","",33.5221392692922,126.851885796261
"개방화장실","구좌읍 주민자치센터","제주특별자치도 제주시 구좌읍 일주동로 3116 구좌읍 주민자치센터","1","0","0","",33.5221392692922,126.851885796261